id,created_at,username,full_text,retweets,likes,lang
1.78002E+18,Mon Apr 15 23:59:20 +0000 2024,ApingValer40783,@PT_Transjakarta harusnya kalo T11 diganti jadi low-deck tuh rutenya dibalikin lagi sampe bunsen atau justru diperpanjang sampai monas. Bener-bener aneh kalo yg bikin kebijakan bukan pengguna mah,0,0,in
1.78002E+18,Mon Apr 15 23:58:26 +0000 2024,aL_moert,"@PT_Transjakarta min, apakah rute 7A dan 7E masih beroperasi",0,0,in
1.78002E+18,Mon Apr 15 23:57:49 +0000 2024,SonoraFM92,06.07 Mobil menabrak Pembatas Busway sekitar pukul 04.30 Wib didepan Gedung Smesco Jl. Gatot Subroto Jaksel arah Semanggi dan sekitar pukul 05.15 Wib saat ini sudah selesai proses evakuasi &amp; penderekan lalu  lintas normal kembali @TMCPoldaMetro https://t.co/SLqslJOvK4,0,0,in
1.78002E+18,Mon Apr 15 23:57:44 +0000 2024,sukakmatcha,@PT_Transjakarta KALO EMG UDH NORMAL KENAPA GA ADA YG STAND BY SAMA SEKALI DI PORIS? UDH GILA YA?,0,1,in
1.78002E+18,Mon Apr 15 23:56:28 +0000 2024,sukakmatcha,@PT_Transjakarta ke arah poris?? lama bgt gila? satu doang emg bisnya??? ini T12???,0,0,in
1.78002E+18,Mon Apr 15 23:55:32 +0000 2024,211Tije,@queendump75240 Mereka sadar ga sih kalo yang shipper-in mereka setengah dunia. Gemes banget lihat chemistrynya. Sampe selebritis aja pada demam BaekHong,0,16,in
1.78002E+18,Mon Apr 15 23:53:52 +0000 2024,sukakmatcha,INI T11 SAMA T12 BENERAN GA ADA YG STAND BY DARI TERMINAL PORIS? @PT_Transjakarta,0,0,in
1.78002E+18,Mon Apr 15 23:52:11 +0000 2024,211Tije,"@rouderst @tanyarlfes Ya Allah lucu banget. Tapi memang bayi2 suka begitu, makan sampe ketiduran ğŸ˜‚ğŸ˜‚",0,3,in
1.78002E+18,Mon Apr 15 23:50:52 +0000 2024,ApingValer40783,@PT_Transjakarta coba yg bikin kebijakan T11 diganti jadi low-deck suruh ngantor naik T11 atau S11 biar tau rasanya kena macet berkali-kali lipat karena bukan di jalur khusus tj. Emang ga mikir bakal berapa banyak orang yg dimarahin sama atasannya garaÂ² telat dateng ke kantor,1,0,in
1.78002E+18,Mon Apr 15 23:50:47 +0000 2024,211Tije,"My bias and me, something that we have in common ğŸ¥°ğŸ˜… Niatnya mau beli rak estetik, tapi belum kesampean ğŸ˜† https://t.co/SVDO874fxM",0,8,in
1.78002E+18,Mon Apr 15 23:49:31 +0000 2024,indieggoo,"Ac busway 1A kenapa dingin bangt anjer, tiap pagi dibikin kedinginan fak",0,0,in
1.78002E+18,Mon Apr 15 23:49:28 +0000 2024,meli4ng,Tolong ya pt @PT_Transjakarta yth. Di hari pertama blk lagi kntr knp gak bener sih lama tunggu bismya. Ini saya nunggu bis 8D 45 menit gak dtg2.. tolong dong mass tunggu di maintain lg,0,0,in
1.78002E+18,Mon Apr 15 23:49:14 +0000 2024,eggcatly,kok kereta udah desek desekan lagi ajaâ€¦ busway udah balik pake bus yang kursinya lebih banyakâ€¦ jalanan jakarta udah macet lagiâ€¦ noğŸ˜­ğŸ˜­ğŸ˜­ğŸ˜­ğŸ˜­ğŸ˜­ğŸ˜­ğŸ˜­ğŸ˜­ğŸ˜­,0,0,in
1.78002E+18,Mon Apr 15 23:46:45 +0000 2024,Ktocawn_C,"@PT_Transjakarta Hai min, untuk mikrotrans tanah abang - kota beroperasi normal enggak ya?",0,0,in
1.78002E+18,Mon Apr 15 23:42:44 +0000 2024,sukakmatcha,ini T12 kemaneeeeee di poris ga ada samsek @PT_Transjakarta,0,0,in
1.78002E+18,Mon Apr 15 23:40:37 +0000 2024,RafifFadhlurra4,@sukakmatcha @PT_Transjakarta T12 beroperasi sampai malam dan setiap hari,0,0,in
1.78002E+18,Mon Apr 15 23:38:43 +0000 2024,MochaCho_choa,@PT_Transjakarta hallo ini kan T12 jadi bis oren dan harusnya armada banyak. Kalo pagi bisa kali dibikin 15 menit sekali. Ini penumpang numpuk di rest area.,0,0,in
1.78002E+18,Mon Apr 15 23:36:39 +0000 2024,MochaCho_choa,"@PT_Transjakarta T12 ganti bis, malah jadi 30 menit sekali. Ini numpuk di rest area. Minimal kalo pagi lebih banyak bisnya. Udah turun koridor malah dilamain ğŸ˜‚",0,0,in
1.78002E+18,Mon Apr 15 23:34:26 +0000 2024,gesgestay,@bigjoe_july15 buseeeeet dulu ciledug rawamangun sekali jalan 4 jam. Bisa mencret gue di busway kalo bolak balik sehari 8 jam ğŸ˜¢,0,0,in
1.78002E+18,Mon Apr 15 23:33:24 +0000 2024,wonglicik062,@PT_Transjakarta bus stop slipi kemanggisan itu sebelah mana dari halte slipi Kemanggisan? soalnya tadi saya jalan sampai bus stop RS Harapan kita,0,0,in
1.78002E+18,Mon Apr 15 23:31:48 +0000 2024,sukakmatcha,T12 udah ga jam jam an kannn min? @PT_Transjakarta kok di poris ga adaaaa,0,0,in
1.78002E+18,Mon Apr 15 23:30:28 +0000 2024,UrangCikarang,@PT_Transjakarta @irmanurrnurr Hari ini mulai kembali lg operasi dr jam 10 min?,0,0,in
1.78002E+18,Mon Apr 15 23:30:20 +0000 2024,Dehanoid,Liat kakek-nenek di busway ğŸ¥°  Semoga bersama orang yg tepat sampai tua nanti ğŸ™ğŸ¼ğŸ¤²ğŸ»,0,0,in
1.78001E+18,Mon Apr 15 23:26:51 +0000 2024,211Tije,@rkivee18 Itu bukan Becky kan? Envy banget ğŸ¥º,0,0,in
1.78001E+18,Mon Apr 15 23:23:03 +0000 2024,211Tije,"Scene ini memang indah. Pas golden hour banget. Salut sama team QoT, sinematografi-nya keren ğŸ¥° Sayang resultnya, ga seindah viewnya ğŸ˜­ https://t.co/fCg9SK0d89",0,1,in
1.78001E+18,Mon Apr 15 23:22:49 +0000 2024,scoeria,"sedang coseplay mba mba workaholic yg kalo ke kantor naik busway (berdiri &amp; desak""an)",0,0,in
1.78001E+18,Mon Apr 15 23:20:29 +0000 2024,innovacommunity,Jam2 ngantuk plus separator busway gk ada penanda nya.,1,7,in
1.78001E+18,Mon Apr 15 23:18:46 +0000 2024,TPWKHES,mba warnet balik lg smoothie di transjakarta https://t.co/gCGEJu311v,0,0,in
1.78001E+18,Mon Apr 15 23:17:58 +0000 2024,nvn_hdyt,"@PT_Transjakarta Nanya Min, kalo dari arah Cawang mau ke RSPP naek rute yang mana ya?",0,0,in
1.78001E+18,Mon Apr 15 23:16:54 +0000 2024,wonglicik062,@PT_Transjakarta kalau mau naik T11 dari slipi kemanggisan dimana ya sekarang?,0,0,in
1.78001E+18,Mon Apr 15 23:13:41 +0000 2024,Nurekaf12,"@PT_Transjakarta min kalo halte Grogol udah beroperasi, apakah 9A hanya sampai Grogol reformasi atau terus ke kaligrogol ya ? Terima kasih",0,0,in
1.78001E+18,Mon Apr 15 23:10:00 +0000 2024,duschavibe,@haechandegra Sini kaa. Lokasinya dkt hakte busway dan mrt lebak bulus https://t.co/IlYwY8J42e,0,0,in
1.78001E+18,Mon Apr 15 23:07:25 +0000 2024,TMCPoldaMetro,06.07 Mobil menabrak Pembatas Busway sekitar pukul 04.30 Wib didepan Gedung Smesco Jl. Gatot Subroto Jaksel arah Semanggi dan sekitar pukul 05.15 Wib saat ini sudah selesai proses evakuasi &amp; penderekan lalu  lintas normal kembali https://t.co/Onqna6XKsC,2,7,in
1.78001E+18,Mon Apr 15 23:02:55 +0000 2024,nurkarima,@Dwianwan @PT_Transjakarta Wah nangis bgt. Rugi dong ya yg harus naik lg ke jalur brtğŸ˜©ğŸ˜«,0,0,in
1.78001E+18,Mon Apr 15 22:54:31 +0000 2024,Dwianwan,@nurkarima @PT_Transjakarta selama nya itu setau gue Rim,0,0,in
1.78001E+18,Mon Apr 15 22:51:54 +0000 2024,nurkarima,@PT_Transjakarta rute T11 uji coba non brt atau akan selama nya jd non brt ya min? Tolong info nya dongğŸ«µğŸ»ğŸ¤ğŸ»,0,0,in
1.78001E+18,Mon Apr 15 22:51:19 +0000 2024,frdsgn,"@PT_Transjakarta nanya min, 7F juanda-rambutan hari ini operasi normal ngga ya? Tks ğŸ™",0,0,in
1.78E+18,Mon Apr 15 22:47:08 +0000 2024,sega_midun,"Apa gw turun jakarta kota, lanjut naik transjakarta ya? Njir gabut banget gw pagi ini",0,5,in
1.78E+18,Mon Apr 15 22:47:05 +0000 2024,RafifFadhlurra4,@luthfiiluffyy @PT_Transjakarta Pilihan 2: Naik 4D jurusan Pulo Gadung turun di Simpang Matraman lalu naik Koridor 5 jurusan Ancol,0,0,in
1.78E+18,Mon Apr 15 22:46:38 +0000 2024,RafifFadhlurra4,@luthfiiluffyy @PT_Transjakarta Pilihan 1: Naik 6H jurusan Senen turun di Lapangan Banteng lalu naik 5D jurusan Ancol,0,0,in
1.78E+18,Mon Apr 15 22:46:35 +0000 2024,jorgelae_,tolong dong halte tanjung duren arah timur dan barat digedein minğŸ™ğŸ»ğŸ™ğŸ»ğŸ™ğŸ» @PT_Transjakarta,0,0,in
1.78E+18,Mon Apr 15 22:45:21 +0000 2024,RafifFadhlurra4,@vruchilaa @PT_Transjakarta Pilihan 2: Naik 4D jurusan Patra Kuningan turun di Setiabudi lalu naik 6A jurusan Balaikota,0,0,in
1.78E+18,Mon Apr 15 22:44:58 +0000 2024,RafifFadhlurra4,@vruchilaa @PT_Transjakarta Pilihan 1: Naik Koridor 4 jurusan Galunggung turun di Galunggung lalu naik 6B jurusan Balaikota,0,0,in
1.78E+18,Mon Apr 15 22:43:25 +0000 2024,RafifFadhlurra4,@curiousnom_ @PT_Transjakarta Langsung saja naik 6D jurusan Bundaran Senayan turun di Gelora Bung Karno,0,0,in
1.78E+18,Mon Apr 15 22:42:11 +0000 2024,RafifFadhlurra4,@PT_Transjakarta @wrstrvs Pilihan 2: Naik LRT jurusan Dukuh Atas turun di Taman Mini lalu naik 9C jurusan Bundaran Senayan turun di Gelora Bung Karno lalu naik 6V jurusan Ragunan,0,0,in
1.78E+18,Mon Apr 15 22:41:33 +0000 2024,RafifFadhlurra4,@PT_Transjakarta @wrstrvs Pilihan 1: Naik 7C jurusan Cawang Cililitan turun di Cawang Cililitan lalu naik 5C jurusan Juanda turun di Balaikota lalu naik 6A jurusan Ragunan,0,0,in
1.78E+18,Mon Apr 15 22:40:47 +0000 2024,RafifFadhlurra4,@bonedoremi @PT_Transjakarta Silahkan naik 7A jurusan Lebak Bulus turun di Lebak Bulus lalu naik JAK.102 jurusan Blok M,0,0,in
1.78E+18,Mon Apr 15 22:40:40 +0000 2024,tsyvrm,"halo, T12 kalau paling pagi dari poris plawad jam berapa ya? @PT_Transjakarta",0,1,in
1.78E+18,Mon Apr 15 22:36:21 +0000 2024,RafifFadhlurra4,@PT_Transjakarta @badhabtss Silahkan naik JAK.105 jurusan Cipinang Muara turun di Pedati lalu naik JAK.41 jurusan Pulo Gadung turun di Komplek Hublat Rawamangun lalu naik JAK.59 jurusan Kelapa Gading turun di Puskesmas Kecamatan Kelapa Gading,0,0,in
1.78E+18,Mon Apr 15 22:35:14 +0000 2024,RafifFadhlurra4,@PT_Transjakarta @badhabtss Silahkan naik Koridor 9 jurusan Pinang Ranti turun di Cawang Sentral lalu naik Koridor 10 jurusan Tanjung Priok turun di Pulomas Bypass lalu jalan ke Bus Stop Fuso disitu naik JAK.59 jurusan Kelapa Gading turun di Stasiun LRT Boulevard Selatan,0,0,in
1.78E+18,Mon Apr 15 22:33:31 +0000 2024,RafifFadhlurra4,@cuteorenstuff @PT_Transjakarta Langsung saja naik 5N jurusan Kampung Melayu turun di Gg H. Sholihin I,0,0,in
1.78E+18,Mon Apr 15 22:32:54 +0000 2024,RafifFadhlurra4,@seonberry_ @PT_Transjakarta Silahkan naik Koridor 9 jurusan Pinang Ranti turun di Cawang LRT lalu naik 5D jurusan Ancol,0,0,in
1.77999E+18,Mon Apr 15 21:37:29 +0000 2024,RafifFadhlurra4,@bagongtomo1712 @PT_Transjakarta Pilihan 1: Naik 3F jurusan Gelora Bung Karno turun di Gelora Bung Karno lalu naik 6M jurusan Stasiun Manggarai turun di Setiabudi,0,0,in
1.77999E+18,Mon Apr 15 21:33:52 +0000 2024,RafifFadhlurra4,@RizqoGucci @PT_Transjakarta Silahkan naik Koridor 2/7F jurusan Pulo Gadung/Kampung Rambutan turun di Pasar Senen lalu naik Koridor 5/5D jurusan Ancol,0,0,in
1.77999E+18,Mon Apr 15 21:28:31 +0000 2024,RizqoGucci,@PT_Transjakarta min kalo ke ancol dari halte juanda bisa naik bis yg rute mana ya min?,0,0,in
1.77995E+18,Mon Apr 15 18:53:31 +0000 2024,turnbackkrimi,"tadi balik kerja nyetir balik sambil bengong, pas sadar udah mau nabrak separator jalan. akhirnya banting kanan malah masuk jalur busway dan gabisa keluar sampe belokan ke arah rumah kelewat. dasar aku",0,0,in
1.77994E+18,Mon Apr 15 18:37:43 +0000 2024,alhdn_,"@riktobzcool1 @PT_Transjakarta Hidup udah sering dighosting, ini ketambahan dighosting bis ğŸ¥°ğŸ¥° https://t.co/QCbb1cUvAS",0,0,in
1.77994E+18,Mon Apr 15 18:23:04 +0000 2024,Nndasf,"Kalo bisa milih gw lebih pengen jalan sama si Kristi aja deh, keliling taman, gosip dii busway, jajan basreng, dan yang pasti gw ngerasa aman dan nyaman",0,0,in
1.77994E+18,Mon Apr 15 18:19:45 +0000 2024,issanothermegh,@convomf Aslam naik nderrr ğŸ˜­ tak tendang loh kon nder Tp btw anyway busway bisa jadi sih hamil cowo bisa hamil kan ya(?) kl butuh nama cowo/cewe ntar kubantu cari di pinterest nder â˜ºï¸,0,4,in
1.77993E+18,Mon Apr 15 18:08:06 +0000 2024,viinatcha,@PT_Transjakarta Terima kasih infonya min.. ğŸ¥°,0,0,in
1.77993E+18,Mon Apr 15 17:43:01 +0000 2024,bolehajasi,@PT_Transjakarta Ada nopolnya kok. Masa kita yang nyari,0,0,in
1.77993E+18,Mon Apr 15 17:37:56 +0000 2024,kararonde,bangga bisa naik busway dadakan mandiriğŸ˜Š,0,0,in
1.77993E+18,Mon Apr 15 17:29:30 +0000 2024,26Ceicei,Selamat tanggal 16.,0,0,in
1.77992E+18,Mon Apr 15 17:28:43 +0000 2024,BolaNusantaraID,Tambahan waktu 11 menit. Udah kaya nunggu Bus Transjakarta Koridor 8ğŸ«£ lamaaaa amat!  Bismillah Qatar 2-3 Indonesia (doa tim yang dizolimi sama nasrul)ğŸ¤²ğŸ»,0,1,in
1.77992E+18,Mon Apr 15 17:25:22 +0000 2024,bayu2kali,"@initije Hbd bg tije, move n up trus!",0,0,in
1.77992E+18,Mon Apr 15 17:24:24 +0000 2024,Karineyoo,@Yawnzbzn abang cakep banget kayak lagi pake outfit lebaran ğŸ™ˆ anyway busway..... thank u so much udah pake twibbon nya demi apa cakep nya berlipat lipat dahk (no_menjilat) nanti karina ajak makan cake bareng mau yah &gt;_&lt;,0,0,in
1.77992E+18,Mon Apr 15 17:23:33 +0000 2024,zalymam,@Vsco_HD @fauzan_azhim Ga ada jadi ada itu udah satu hal.  Dari ada tapi belum optimal itu beda hal. Seengganya political willnya udah ada.  Transjakarta itu udah 20 tahun. Wajar kalau trans2 yg lain belum optimal.,0,0,in
1.77992E+18,Mon Apr 15 17:17:10 +0000 2024,26Ceicei,"Sate ayam.  Warung Sate Madura Pak Abdul Gardu, Makasar. https://t.co/i6v3ZDQBfa",0,4,in
1.77992E+18,Mon Apr 15 17:10:50 +0000 2024,maspai_jo,"@initije Selamat milad mas tije Semoga dikaruniai umur panjang yang bermanfaat, kesehatan, serta rejeki Aamiin",0,0,in
1.77992E+18,Mon Apr 15 17:06:36 +0000 2024,riktobzcool1,"@alhdn_ @PT_Transjakarta Au ni, kgk di halte kgk di hape, g ada yg bener tracking busnya",0,0,in
1.77992E+18,Mon Apr 15 17:05:02 +0000 2024,HanJihoocn,aku di kira anak miskin kah ggra naik busway terus ğŸ˜ƒğŸ˜ƒ,0,0,in
1.77992E+18,Mon Apr 15 16:56:12 +0000 2024,26Ceicei,"Andalan.  TJ 5M, TJ-0773. https://t.co/LWrbOybB2q",0,1,ht
1.77992E+18,Mon Apr 15 16:55:08 +0000 2024,pcarjuyeon,min kok tj no 7 lama banget @PT_Transjakarta,0,0,in
1.77992E+18,Mon Apr 15 16:53:12 +0000 2024,cassiocpeia,@ftzhrw bisa siih naik transjakarta 1A tp aku blm pernah,0,0,in
1.77992E+18,Mon Apr 15 16:50:38 +0000 2024,avocdd,"@PT_Transjakarta halo min, kalau TJ D11 itu naiknya dari terminal depok baru itu yg belakang stasiun depok baru ya?",0,0,in
1.77992E+18,Mon Apr 15 16:49:42 +0000 2024,skrrhmaaul,@PT_Transjakarta Smkn 4 jakarta,0,0,in
1.77991E+18,Mon Apr 15 16:42:37 +0000 2024,RosemaryFrie124,"@apeaje123 @ridwanhr Selain itu, beberapa transportasi umum bisa jadi ""training obstacle"" yg baik, contohnya angkot yg tiba2 berhenti mendadak tanpa sein, ngetem di jalan sempit, kadang gak mau ngalah, melatih ketangkasan dan kewaspadaan dalam mengemudi, atau jalur busway melatih ketajaman mata.",0,0,in
1.77991E+18,Mon Apr 15 16:41:12 +0000 2024,odetomylifee,@PT_Transjakarta kalau besok apa sudah beroperasi lgi? info updatenya dr mana sih min?,0,0,in
1.77991E+18,Mon Apr 15 16:41:07 +0000 2024,skrrhmaaul,"@PT_Transjakarta min kl ke kantor walikota Jakarta Utara, rute nya naik apa aja ya?",0,0,in
1.77991E+18,Mon Apr 15 16:25:36 +0000 2024,Giganesh25,"@landakkgalak @PT_Transjakarta Yaudah suruh pemda lo nanggung subsidinya dong  Mau enaknya aja, bus highdeck yang ada di operator mencukupi juga ga?   Jangan mau tau beres doang, dasar indon tukang komplen",1,0,in
1.77991E+18,Mon Apr 15 16:23:04 +0000 2024,hamsuryas,@landakkgalak @PT_Transjakarta @TfJakarta @txttransportasi @BuswayFansC @jalur5_ @AboutTNG @Kota_Tangerang ikut subsidi juga,0,1,in
1.77991E+18,Mon Apr 15 16:22:14 +0000 2024,seonberry_,Rute dari halte Latumenten ke ancol gmn ya? @PT_Transjakarta,0,0,in
1.77991E+18,Mon Apr 15 16:20:35 +0000 2024,abang_gembull,"@kfajarkurniawan Kosan aku 1,5 AC, dapur, teras, wifi, parkiran motor, cuma ke halte busway agak jauh 300 meter hihihi",0,0,in
1.77991E+18,Mon Apr 15 16:17:18 +0000 2024,landakkgalak,Jawab dulu deh si lodak lodek T11 ini dateng dr poris tiap brp jam sekali #BenerinT11 @PT_Transjakarta,0,0,in
1.77991E+18,Mon Apr 15 16:13:04 +0000 2024,IbunyaNunu,Halo @PT_Transjakarta @DKIJakarta mau saran utk bustop mall thamrin city agar 1) bisa dipindahkan di DEPAN thamcitnya itu sendiri 2) dibuatkan halte beratap + berkursi krn bisa dilihat ya ini kan mall yg demand naik bisnya banyak gituu makasih ğŸ™ https://t.co/hORFZFlfLj,0,0,in
1.7799E+18,Mon Apr 15 16:02:22 +0000 2024,mintychocozy,btw td org tije nya mirip blio jirrr,0,0,in
1.7799E+18,Mon Apr 15 15:57:45 +0000 2024,jimjammingi,"@meowmyg Ada busway yg langsung arah ke tmii atau paling deket halte pinang ranti baru naik gojek ke tmii, ada lrt juga kak tpi klo dari lrt ke tmii bisa naik gojek soalnya lumayan klo jalan kaki",0,0,in
1.7799E+18,Mon Apr 15 15:56:31 +0000 2024,bbibimmyeon,"liat dia serius bgt gambar shinchan, kek bahagia bgt gt paham gasie:( trs gw jg bawaanya pgn semua barang gw dikasih wm muka dia, case hp gw penuh muka dia, tas gue pehuh muka dia, meja gue penuh muka dia, botol minum, laptop, kartu busway, kek klo bs muka gw dikasih wm dia jg--",0,0,in
1.7799E+18,Mon Apr 15 15:56:28 +0000 2024,ardashfr,@tayadunphy oke giliran gue yg cari cari halte busway paling rame untuk kita mengemis bersamağŸ˜‡,0,0,in
1.7799E+18,Mon Apr 15 15:54:57 +0000 2024,rive_d_ambre,@alimnnr @stockmapping Ada orang ngeluh JPO yang konek ke Transjakarta ga ada atapnya aja langsung rame kok ğŸ¤£,0,0,in
1.7799E+18,Mon Apr 15 15:50:25 +0000 2024,ehemnyasarawat,@PT_Transjakarta Mij halte grogol 2 udah bisa turun disana belum?,0,0,in
1.7799E+18,Mon Apr 15 15:36:46 +0000 2024,bowlink_kitten,GUELAH YANG SERING NAIK BUSWAY 6U ITU,0,0,in
1.7799E+18,Mon Apr 15 15:36:02 +0000 2024,RagilCintaku,"@PT_Transjakarta @dilarahmah Tapi kok di web pemberangkatan terakhir 21, jadi yang mana min yang bener ?",0,0,in
1.7799E+18,Mon Apr 15 15:34:47 +0000 2024,luthfiiluffyy,"@pieniepie oalaa yang itu yh, iya tau. okede timaci, dah lama banget ga naik tije ap lagi ke dupan.",0,0,in
1.7799E+18,Mon Apr 15 15:31:45 +0000 2024,RagilCintaku,@PT_Transjakarta @nessitumorang77 Min ada app buat kita bisa lacak posisi bisnya gak ?,0,0,in
1.77989E+18,Mon Apr 15 15:29:33 +0000 2024,fancynady,"gw dulu cashless bgt,tp gw udah ngebiasain diri buat tarik tunai misal 100rb,trs nanti jajan apa dlu biar uangnya pecah. misal abis naik busway di trs di JPO ada yg jual apa yaudah beli,ada abang yg jualan pas lampu merah yaudah beli lg. ya tujuannya emang bagi2 rezeki aja",1,8,in
1.77989E+18,Mon Apr 15 15:28:59 +0000 2024,si_alphawoman,mohon info halte di simpang blok E tanah abang itu yg mana ya? sesuai rute moovit jika mau ke gbk dr kebon sirih terdekat menggunakan 8C dr simpang blok e @PT_Transjakarta,0,0,in
1.77989E+18,Mon Apr 15 15:28:55 +0000 2024,toriqns,@faraholivany @PT_Transjakarta gegara lu reply ini jadi gua baca komen nya ğŸ¤£,0,0,in
1.77989E+18,Mon Apr 15 15:26:22 +0000 2024,RagilCintaku,@RafifFadhlurra4 @PT_Transjakarta Ok terimakasih kak,0,0,in
1.77989E+18,Mon Apr 15 15:19:04 +0000 2024,AdvBudi72Gar,"@dennyindrayana Btw busway..anda lolos jd anggota dewan dari P.Demokarat  gak,Den..? Awokawokawok...",0,0,in
1.77989E+18,Mon Apr 15 15:09:24 +0000 2024,dearamaranth_,@grizzlyawn pikir2 krn di gading.. trauma hampir 3 jam perjalanan naik transjakarta sampe lebak bulus....,0,0,in
1.77989E+18,Mon Apr 15 15:00:25 +0000 2024,tanyakanrl,"ğŸ’š gais kalian kalo jogging naro hp sama duit atau kartu busway dimana? aku jogging outfitnya kaya gini dan bingung naro itu semua dimana karna aku bener2 mau lari, jadi takut jatoh kalo dipegang ditangan https://t.co/4uHWc43tXC",62,1584,in
1.77989E+18,Mon Apr 15 14:59:24 +0000 2024,curiousnom_,"@PT_Transjakarta malam min, kalau de tebet mau ke Scarlet Cafe Senopati bisa naik busway rute apa?",0,0,in
1.77988E+18,Mon Apr 15 14:48:48 +0000 2024,Jastipfullsuns,@hechinabiu Apk buat liat rute busway kaa itu lengkap beserta jadwal keberangkatannya,0,0,in
1.77988E+18,Mon Apr 15 14:46:40 +0000 2024,rustkolnikov,pengen ketabrak transjakarta https://t.co/SZqNKKgtbl,0,1,in
1.77988E+18,Mon Apr 15 14:29:42 +0000 2024,repthpp,"real dia sprti yg kmna aja ayo, udh bisa dibayangin kalo dia naik busway dan mrt, biasa baliknya jam 9 mlm keatas, trus kalo balik slalu duduk di bangku kerajaan pling blkng pake headphone, lbh suka naik transportasi umum sama jalan kaki, wajib ke mbloc apalgi kalo ad event.",0,0,in
1.77988E+18,Mon Apr 15 14:14:57 +0000 2024,myjaeyuni,"btw on the way busway, TADI GWEH MO NGOMONG APA YAK",0,0,in
1.77987E+18,Mon Apr 15 13:59:54 +0000 2024,RiyoXHA,"@PT_Transjakarta Sudah saya kirim rekening saya melalui DM ya, terima Kasih",0,0,in
1.77987E+18,Mon Apr 15 13:54:32 +0000 2024,26Ceicei,"Kalau yang ini, sih, more than ""priority"". Akhirnya, ketemu juga sama pramudi dan batangan andalan.  TJ 5M, TJ-0773. https://t.co/rRWSpSwmRB",0,1,in
1.77987E+18,Mon Apr 15 13:54:31 +0000 2024,doesnotsense,@_dika7 @PT_Transjakarta Oke kak thanks infonya,0,0,in
1.77987E+18,Mon Apr 15 13:54:05 +0000 2024,_dika7,"@doesnotsense @PT_Transjakarta Betul, kartunya yang ada logo jaklingkonya. Belinya di halte BRT. Nanti bisa naik rute non BRT juga masih dapat tarif integrasi maksimal 5rb/3 jam",0,0,in
1.77987E+18,Mon Apr 15 13:52:34 +0000 2024,juytaime,@PT_Transjakarta halo mau tanya 4C hari ini beroperasi sampai jam berapa ya,0,0,in
1.77987E+18,Mon Apr 15 13:48:20 +0000 2024,uknee11,"@Widino Ragunan murah, meriah, gempor  Tiket masuk dewasa 4000, anak 3000. Akses bisa pakai TransJakarta..  Makanan di dlmnya jg harga standar, ga getok..toilet gratis  Selain binatang ada jg taman bermain utk anak2.. https://t.co/vAohHqXwHh",0,0,in
1.77987E+18,Mon Apr 15 13:47:11 +0000 2024,doesnotsense,@_dika7 @PT_Transjakarta Oh gitu yaa.  Berarti kalo naik TJ aja mending pake jaklingko ya biar 5ribu?,0,0,in
1.77987E+18,Mon Apr 15 13:46:33 +0000 2024,_dika7,@doesnotsense @PT_Transjakarta Tarif 10rb tapi harus dari BRT dan mixed dengan LRTJ/MRT. Setidaknya demikian pengalaman kalau pakai QR dari app jaklingko,0,0,in
1.77987E+18,Mon Apr 15 13:43:30 +0000 2024,nadyaaa_20,@PT_Transjakarta min bisa beli kartu jaklingko di halte kuningan barat gak ya?,0,0,in
1.77987E+18,Mon Apr 15 13:41:55 +0000 2024,ZumiZey,@astaganabila huwalah. tak kira TJ = transjakarta,0,0,in
1.77987E+18,Mon Apr 15 13:41:07 +0000 2024,doesnotsense,"@PT_Transjakarta Kalau pakai emoney biasa, tarif integrasi 10rb ya?",0,0,in
1.77987E+18,Mon Apr 15 13:35:20 +0000 2024,doesnotsense,Halo admin. Mau tanya dong apakah tarif integrasi maksimal 5ribu masih berlaku? Syarat dan ketentuannya apa saja? Apakah harus pakai kartu jaklingko ? @PT_Transjakarta,0,0,in
1.77987E+18,Mon Apr 15 13:35:01 +0000 2024,ggukminiez,@PT_Transjakarta makasih banyak min ğŸ«¶ğŸ»,0,0,in
1.77986E+18,Mon Apr 15 13:30:42 +0000 2024,RiyoXHA,"Haloo min @PT_Transjakarta topup saya gagal nih ,udah coba input kode ulang tapi tetep ga bisa &amp; ga terbaca kode transaksinya  Apa bisa bantu di refund? https://t.co/22vQkFkSAf",0,1,in
1.77986E+18,Mon Apr 15 13:28:44 +0000 2024,yaraamayraa,min emg skrg tj 4c ada smpe jam 12 malem? di gmaps tulisannya gitu @PT_Transjakarta,0,0,in
1.77986E+18,Mon Apr 15 13:25:38 +0000 2024,haltedurikepa,Hari ini gue cuma keluar 3.5k doang utk transport yg biasanya gue ngeluarin 36k/hari krn tadi nyobain berangkat dan pulang kantor naik tije dan gatau knp saldo gue ga kepotong pas berangkat??ğŸ˜­,0,0,in
1.77986E+18,Mon Apr 15 13:25:32 +0000 2024,razadyr,S21 lama banget lewat 13 tahun sekali @PT_Transjakarta,0,0,in
1.77986E+18,Mon Apr 15 13:25:31 +0000 2024,iwantjiminp,"@PT_Transjakarta Ga sempet liat nomornya, tp rute 11, kp melayu - pulo gebang",0,0,in
1.77986E+18,Mon Apr 15 13:23:58 +0000 2024,kithmochii,"Tidak lain tidak bukan si pegiat transportasi umum vernon. Mau ke blok m tinggal naik mrt, busway jg ayok trs lanjut ngopi abis itu ke mbloc https://t.co/h6inLrP3Pj",0,0,in
1.77986E+18,Mon Apr 15 13:22:07 +0000 2024,landakkgalak,Seru bgtttt ğŸ¥°ğŸ¥°ğŸ¥°ğŸ¥°ğŸ¥° ga sabar besok makin rame!! Dan makin lama juga dtg bus nya!! Yeyyy!! #BenerinT11 @PT_Transjakarta @TfJakarta @txttransportasi @BuswayFansC @jalur5_ @AboutTNG https://t.co/WyzVlSLpsX,1,1,in
1.77986E+18,Mon Apr 15 13:08:54 +0000 2024,sepatukeds,Naik busway kalo lagi ga macet enak banget anjinggg gua kayaknya bisa dibuat orgasme dah hanya dengan pengalaman naik busway dengan lancar,0,0,in
1.77986E+18,Mon Apr 15 13:08:54 +0000 2024,44Oktiva,"@UtunAbee Biar rame dan viral, coba bakar halte busway/ TJ terdekat bang utun ğŸ˜…ğŸ˜… kata @andi_achilles  rambu anarkis... lahir awal pebruari, menjelang valentine",1,0,in
1.77986E+18,Mon Apr 15 13:08:46 +0000 2024,luthfiiluffyy,@PT_Transjakarta kalau naik dari setia budi rute nya gimana kak ke dufan?,0,0,in
1.77986E+18,Mon Apr 15 13:07:58 +0000 2024,oviolvb,Halo @PT_Transjakarta apakah besok 16 april rute 7F JUANDA-KP RAMBUTAN sudah beroperasi normal?  Terima kasih,0,0,in
1.77986E+18,Mon Apr 15 13:04:28 +0000 2024,RafifFadhlurra4,@hcn4y @PT_Transjakarta Silahkan naik Koridor 10H/12 jurusan Bundaran Senayan/Pluit turun di Jembatan Merah lalu naik Koridor 5/5D jurusan Ancol,0,0,in
1.77986E+18,Mon Apr 15 13:01:38 +0000 2024,cancerngantuk,"@PT_Transjakarta halo min, jam pagi arah mau ke ancol dari halte tj priok rutenya gimana ya?",0,0,in
1.77986E+18,Mon Apr 15 12:59:55 +0000 2024,RafifFadhlurra4,@ella_noor @PT_Transjakarta Biar busnya bisa langsung balik ke Poris sebab kalau nurunin di JDC akan makan waktu saat putar balik di Pejompongan,0,0,in
1.77986E+18,Mon Apr 15 12:58:42 +0000 2024,RafifFadhlurra4,@blazemaples @PT_Transjakarta Langsung saja naik 5C jurusan Juanda turun di Balaikota,0,0,in
1.77986E+18,Mon Apr 15 12:58:13 +0000 2024,RafifFadhlurra4,@emiduarebu @PT_Transjakarta Silahkan jalan ke RS Sumber Waras disitu naik JAK.54 jurusan Grogol turun di Terminal Grogol lalu naik JAK.04 jurusan Tubagus Angke turun di RSUP Soeharto Herdjan,0,0,in
1.77986E+18,Mon Apr 15 12:54:53 +0000 2024,frcornells,when u pulang naik busway sendiri dan ngide naik rute yg se arah tapi gatau lewat manağŸ¤£ğŸ¤£ğŸ¤£ğŸ¤£ğŸ¤£ https://t.co/4ABbRIzs8C,0,1,in
1.77986E+18,Mon Apr 15 12:53:28 +0000 2024,RafifFadhlurra4,@hullagurlz @PT_Transjakarta Silahkan naik Koridor 13/13C jurusan Tegal Mampang/Dukuh Atas turun di CSW lalu naik 1Q/8E jurusan Rempoa/Bintaro turun di Jl Duku Raya,0,0,in
1.77986E+18,Mon Apr 15 12:52:38 +0000 2024,RafifFadhlurra4,@ireneoline @PT_Transjakarta Mending naik dari Kp Rambutan aja biar dapat tempat,0,0,in
1.77986E+18,Mon Apr 15 12:51:19 +0000 2024,RafifFadhlurra4,@tywuk_ @PT_Transjakarta Kalau dari Puri Beta 2 silahkan naik 13C jurusan Dukuh Atas turun di Tegal Parang lalu naik 7D jurusan TMII turun di Pancoran Barat,0,0,in
1.77985E+18,Mon Apr 15 12:51:10 +0000 2024,blackadder78,@argasmn @PT_Transjakarta Minimal pemda lu ikut tanggung subsidinya lah.....enak banget,0,1,in
1.77985E+18,Mon Apr 15 12:51:00 +0000 2024,momojihyoluv,"ONCE JAKBAR ADA YANG MAU BARENGAN GA KESANA, NAIK TIJE BARENG YUK XIXIXI ğŸ™ƒğŸ‘‰ğŸ»ğŸ‘ˆğŸ»",0,1,in
1.77985E+18,Mon Apr 15 12:50:27 +0000 2024,RafifFadhlurra4,@landakkgalak @PT_Transjakarta @TfJakarta @txttransportasi @BuswayFansC @jalur5_ @AboutTNG T12 juga kayak begini pas di Juanda,0,0,in
1.77985E+18,Mon Apr 15 12:49:25 +0000 2024,Biagialif1,@PT_Transjakarta selamat malam kak mau tanya untuk besok koridor 7 via tol Hek beroperasi?,0,0,in
1.77985E+18,Mon Apr 15 12:49:17 +0000 2024,dailyjoongdok,"Tadi pagi dari rumah ke RSCM (ada urusan dikit) terus naik transjakarta ke monas (adek ngajakkin) terus gua iya-iyain aja lagi karna lupa, jadinya disana cuman jajan. Terus dari halte monas situ naik lagi Tj, turun di bundaran HI naik MRT ke Fatmawati, ujungÂ² nya ke mol wkwkwkwk",0,0,in
1.77985E+18,Mon Apr 15 12:49:17 +0000 2024,RafifFadhlurra4,@khaiueu @PT_Transjakarta Pilihan 3: Naik 6H jurusan Lebak Bulus turun di Lebak Bulus lalu naik Koridor 8 jurusan Pasar Baru turun di Jelambar,0,0,in
1.77985E+18,Mon Apr 15 12:49:02 +0000 2024,ggukminiez,@PT_Transjakarta min maaf sekali lagi kalo nanti dari halte Kebayoran lama nya naik apalagi untuk sampe ke mall gandaria city?,0,0,in
1.77985E+18,Mon Apr 15 12:48:23 +0000 2024,3rachacology,@PT_Transjakarta min TJ S11 kalo diatas jam 9 malam masih beroperasi gak di weekend?,0,0,in
1.77985E+18,Mon Apr 15 12:48:19 +0000 2024,RafifFadhlurra4,@khaiueu @PT_Transjakarta Pilihan 1: Naik 6A jurusan Balaikota turun di Balaikota lalu naik 2A jurusan Rawa Buaya turun di Jelambar,0,0,in
1.77985E+18,Mon Apr 15 12:47:45 +0000 2024,RafifFadhlurra4,@khaiueu @PT_Transjakarta Langsung saja naik Koridor 3/3F jurusan Monumen Nasional/Gelora Bung Karno turun di Jelambar,0,0,in
1.77985E+18,Mon Apr 15 12:47:19 +0000 2024,vruchilaa,@PT_Transjakarta rute dari halte kayu jati ke perpusnas dong min,0,0,in
1.77985E+18,Mon Apr 15 12:47:09 +0000 2024,RafifFadhlurra4,@elpixirius_ @PT_Transjakarta Pilihan 2: Naik JAK.53 jurusan Pos Pengumben turun di Villa Kelapa Dua lalu naik 8D jurusan Blok M,0,0,in
1.77985E+18,Mon Apr 15 12:46:44 +0000 2024,RafifFadhlurra4,@elpixirius_ @PT_Transjakarta Pilihan 1: Naik Koridor 3 jurusan Monumen Nasional turun di Monumen Nasional lalu naik Koridor 1 jurusan Blok M,0,0,in
1.77985E+18,Mon Apr 15 12:46:27 +0000 2024,jam11malam,@PT_Transjakarta bun boleh minta peta rute 6c tidaks,0,0,in
1.77985E+18,Mon Apr 15 12:45:29 +0000 2024,RafifFadhlurra4,@ggukminiez @PT_Transjakarta Silahkan naik JAK.93 jurusan Ratu Prabu turun di Ratu Prabu lalu naik 7A jurusan Kampung Rambutan,0,0,in
1.77985E+18,Mon Apr 15 12:44:58 +0000 2024,RafifFadhlurra4,@ggukminiez @PT_Transjakarta Silahkan naik 7A jurusan Lebak Bulus turun di Ampera lalu naik JAK.93 jurusan Kebayoran Lama turun di Jl Duku Raya,0,0,in
1.77985E+18,Mon Apr 15 12:44:33 +0000 2024,raafian,"berangkat kantor 20 menit. pulang kantor pun sama sampe mutusin jalan kaki dari halte busway ke kosan karena ngerasa masih punya tenaga sambil humming â€œfucked up, anxious, too much // but I'll love you like you need me toâ€. sungguh ngerasa jadi karakter utama hari ini.",1,0,in
1.77985E+18,Mon Apr 15 12:40:36 +0000 2024,adezpiring,"@GW9X6 @yonasfw @adriansyahyasin Masih kok, orang-orang emang kalo naik TransJakarta ya bisa turun langsung di PIM",0,3,in
1.77985E+18,Mon Apr 15 12:38:56 +0000 2024,JXperience,"@GW9X6 @yonasfw @adriansyahyasin Masih bang, orang2 nyebrang dari PIM 1-2 dan sebaliknya plus yg mau ke halte busway pake jembatan itu. Di jembatannya juga banyak toko buka bukan yg tutup. 100% sesuai fungsinya",0,3,in
1.77985E+18,Mon Apr 15 12:36:13 +0000 2024,911_247,vernon blok m banget soalnya integrated busway mrt ngethrift makan padang yg hidden gem itu lalu beli vinyl blablabla,0,0,in
1.77985E+18,Mon Apr 15 12:35:03 +0000 2024,luthfiiluffyy,"@PT_Transjakarta malam kak, kalau mau ke dufan sekarang rute nya bagaimana yah? terima kasih.",0,0,in
1.77985E+18,Mon Apr 15 12:35:01 +0000 2024,saennisa,@hullagurlz @PT_Transjakarta dari csw naik 1Q mir turun di gancit/ halte jalan duku raya,0,0,in
1.77985E+18,Mon Apr 15 12:29:50 +0000 2024,zkyroo,hari ini bersyukur karena busway lancar dan beberapa hal juga lancar,0,0,in
1.77985E+18,Mon Apr 15 12:29:17 +0000 2024,elpixirius_,@PT_Transjakarta min kalo dari arah terminal grogol mau ke blok m rutenya gmn?,0,0,in
1.77985E+18,Mon Apr 15 12:27:58 +0000 2024,ONCEJakarta,"ğŸ“Norae â€” K-Food &amp; Lifestyle, Tebet  Akses: â€¢ Transjakarta - 5N: Simpang Tebet atau 5F/6D - Sawo Kecik Raya â€¢ KRL - Stasiun Tebet  Bisa lanjut naik ojol, Jak-Lingko atau jalan kaki 5-10 menit.  Can't wait to see u, ONCEs! ğŸ‘‹ğŸ»",1,6,in
1.77985E+18,Mon Apr 15 12:26:08 +0000 2024,iwantjiminp,"Macet nih bro, td parahnya srmpet lama ga ketutup sebelah @PT_Transjakarta https://t.co/0woAOY0fiS",1,0,in
1.77985E+18,Mon Apr 15 12:22:51 +0000 2024,burjo234950,@PT_Transjakarta Ini foto Pramudi @PT_Transjakarta https://t.co/DhK5VTSgSI,0,0,in
1.77985E+18,Mon Apr 15 12:21:49 +0000 2024,burjo234950,@PT_Transjakarta Perlu saya bawa nih pramudiny ke kantor?@PT_Transjakarta,0,0,in
1.77985E+18,Mon Apr 15 12:17:57 +0000 2024,viinatcha,@PT_Transjakarta apakah tj bisa pakai KMT?,0,0,in
1.77985E+18,Mon Apr 15 12:17:55 +0000 2024,burjo234950,"Mimin tolong bantuannya  Pramudi anda selama perjalanan ngebut+rem mendadak Tanggal kejadian:15 April 2024 Jam kejadian:18.42 Mikrotrans:Jak32 No body:KWK-281 Arah:Petukangan  Tempat kejadian:bus stop Lebak bulus Jaklingko  Ciri"" Pramudi:Laki"" pakai peci @PT_Transjakarta https://t.co/TME1sTlZK5",0,0,in
1.77985E+18,Mon Apr 15 12:14:05 +0000 2024,burjo234950,@PT_Transjakarta Mana nih petugas !!!@PT_Transjakarta,0,0,in
1.77985E+18,Mon Apr 15 12:13:48 +0000 2024,ceukikik,Gue udah nungguin busway hampir sejam sambil nahan laper... ternyata itu koridor udah ga beroperasi lagi mulai hari ini ğŸ¥²ğŸ‘,0,0,in
1.77985E+18,Mon Apr 15 12:12:35 +0000 2024,ggukminiez,@PT_Transjakarta kalo rute balik nya gimana min,0,0,in
1.77984E+18,Mon Apr 15 12:10:19 +0000 2024,strawbellu,"@PT_Transjakarta Halo, Min. Saya mau tanya untum TJ D21 Lebak Bulus-UI pemberangkatan terakhir dari Halte Lebak Bulus jam berapa ya? terima kasih.",0,0,in
1.77984E+18,Mon Apr 15 12:09:35 +0000 2024,sunduskwine,"Vernon siap naik busway 6U itu atau naik MRT, demi mengunjungi pameran yg diadakan di mbloc, dan selalu ayo diajak makan dari gultik sampe bakery yg baru buka dan harus nyelip-nyelip untuk menemukannya https://t.co/UHfXuQceff",1985,7703,in
1.77984E+18,Mon Apr 15 12:03:12 +0000 2024,khaiueu,@PT_Transjakarta Klau dr halte duren tiga ke mall ciputra jakarta rute nya gmn?,0,0,in
1.77984E+18,Mon Apr 15 12:00:09 +0000 2024,rarasulandari,"@PT_Transjakarta min, halte benhil sudah bisa belum ya ??",0,0,in
1.77984E+18,Mon Apr 15 11:59:29 +0000 2024,tywuk_,@PT_Transjakarta Admin... Kalo dari Ciledug  ke arah Pancoran naik dari mana (dari puri beta dah engga ada),0,0,in
1.77984E+18,Mon Apr 15 11:57:21 +0000 2024,f___yp,@chitattoo_ 2 Halte tije? Halte tije Pulo Nangka sama Jembatan Baru kah maksudnya? ğŸ¤” https://t.co/ilTnd3rB0f,0,0,in
1.77984E+18,Mon Apr 15 11:56:20 +0000 2024,rcaoo_,"@PT_Transjakarta min cek dm, thankyou",0,1,in
1.77984E+18,Mon Apr 15 11:54:35 +0000 2024,odetomylifee,@PT_Transjakarta halo royal trans S12 apakah hr ini libur? atau tetap jalan?,0,0,in
1.77984E+18,Mon Apr 15 11:46:25 +0000 2024,qwertipiee,Kenapa ya kalo ada huru hara gue selalu berada di busway???????,0,1,in
1.77984E+18,Mon Apr 15 11:44:28 +0000 2024,burjo234950,"Mimin tolong bantuannya  Pramudi anda selama perjalanan ngebut+rem mendadak Tanggal kejadian:15 April 2024 Jam kejadian:18.42 Mikrotrans:Jak32 No body:KWK-281 Arah:Petukangan  Tempat kejadian:bus stop Lebak bulus Jaklingko  Ciri"" Pramudi:Laki"" pakai peci @PT_Transjakarta",0,0,in
1.77984E+18,Mon Apr 15 11:41:34 +0000 2024,suestysuesty,"@aniesbaswedan @feryfarhati Wah, klau sy az blm kesampaian keliling penjuru Jakarta, meski udh ad transjakarta, pak. Apalagi yg di pulau seribu, sy blm pernah sm sekali. Cm mentok smp Kali Adem he2...",0,0,in
1.77984E+18,Mon Apr 15 11:40:46 +0000 2024,hosrangii,@PT_Transjakarta terus dari jl. bidaranya naik nomer brp trus turun dmn?,0,0,in
1.77984E+18,Mon Apr 15 11:38:54 +0000 2024,landakkgalak,Yeyy sudah mulai nih! Asiiiiiiik (perhatian: masih banyak yang cuti bersama loh hari ini ğŸ˜œ)  #BenerinT11 @PT_Transjakarta @TfJakarta @txttransportasi @BuswayFansC @jalur5_ @AboutTNG +bonus: drama pas hari H beroperasi https://t.co/M18WvD2hRk,1,15,in
1.77984E+18,Mon Apr 15 11:38:02 +0000 2024,blazemaples,@PT_Transjakarta min kalo mau ke perpusnas naik tj dari cawang sentral apa rutenya,0,0,in
1.77984E+18,Mon Apr 15 11:37:52 +0000 2024,catstreetfeeder,Hii min. Rute dari halte dari pinang ranti ke cengkareng ada gak ya? @PT_Transjakarta,0,0,in
1.77984E+18,Mon Apr 15 11:34:48 +0000 2024,211Tije,@rkivee18 Udah baca. Keren. Tapi bingung votenya di mana?,0,0,in
1.77984E+18,Mon Apr 15 11:34:11 +0000 2024,ella_noor,"@PT_Transjakarta itu kenapa pemberhentian terakhir T11 di belokan halte petamburan,kenapa gak depan jdc aja selain luas bisa menampung sampai 4 bus pemumpang T11 jg lebih teratur, dan mmg sejak dulu area itu sdh jadi terimal banyangan bus"" dalam kota.",0,0,in
1.77984E+18,Mon Apr 15 11:33:22 +0000 2024,ggukminiez,@PT_Transjakarta min tolong rangkumin rute tj kalo dari terminal kampung rambutan ke mall gandaria city dong,0,0,in
1.77983E+18,Mon Apr 15 11:31:15 +0000 2024,ugunwook,rute tj dari bunderan senayan ke kokas pake apa aja? @PT_Transjakarta,0,0,in
1.77983E+18,Mon Apr 15 11:29:10 +0000 2024,irish_shh,"@PT_Transjakarta halo min, 7a arah kp rambutan malam ini lewat tol gak ya?",0,0,in
1.77983E+18,Mon Apr 15 11:28:44 +0000 2024,dongpyourlove,"@tanyarlfes kendaraan umum. naik busway enak bgt sambil dengerin musik. kalo mobil (meski gapunya mobil) agak sayang krn cuma sendiri masa naik mobil, kalo motor engga deh. panas uy nnt udh cakep rambutnya jd lepek ğŸ˜­ğŸ˜­",0,0,in
1.77983E+18,Mon Apr 15 11:28:15 +0000 2024,ugunwook,rute tj dari blok m ke kokas lewat mana aja? @PT_Transjakarta,0,1,in
1.77983E+18,Mon Apr 15 11:25:58 +0000 2024,bebatuanaja,@brightersol gue bacanya tije ğŸ˜­ğŸ˜­,0,0,in
1.77983E+18,Mon Apr 15 11:24:22 +0000 2024,tanyarlfes,ğŸ’š kalian ce kalo ke mall sendiri prefer naik kendaraan umum atau kendaraan pribadi? misal naik kendaraan umum enakan ojol/busway ya?,0,0,in
1.77983E+18,Mon Apr 15 11:22:22 +0000 2024,postcardfrome,@PT_Transjakarta 4H besok masih beroperasi gak ya?,0,0,in
1.77983E+18,Mon Apr 15 11:16:52 +0000 2024,26Ceicei,"Mengamankan kursi prioritas part 6.  JAK 41, KPM-220007. https://t.co/fTiBM3gjKu",0,1,in
1.77983E+18,Mon Apr 15 11:14:16 +0000 2024,211Tije,@IdSamyang @ttangerinee__ 1B Seller Soloist mana mungkin ga bisa nyanyi? Billboard sudah membuktikan kok,0,2,in
1.77983E+18,Mon Apr 15 11:13:44 +0000 2024,jasmineal6666,@PT_Transjakarta min kalo dr jiexpo kemayoran mau ke blokM naik apa ya,0,0,in
1.77983E+18,Mon Apr 15 11:11:14 +0000 2024,26Ceicei,"Mengamankan kursi prioritas part 5.  JAK 41, KMJ-1998. https://t.co/AITgERjhAv",0,1,in
1.77983E+18,Mon Apr 15 11:10:27 +0000 2024,lndoumie,Gue mimpi ke pik naik busway tapi busway nya ada di bandara tapi.. kenapa pik?,0,0,in
1.77983E+18,Mon Apr 15 11:07:27 +0000 2024,mhmiql,"Selamat malam admin @PT_Transjakarta, ini lampu dalam bis DMR-677 trayek 7 | Melayu-Rambutan tidak berfungsi padahal sudah masuk malam hari. tolong diperbaiki supaya penerangan bagi pnp jelas. terima kasih. https://t.co/VZzdygMVeN",0,0,in
1.77983E+18,Mon Apr 15 11:04:21 +0000 2024,noviihamid,"@PT_Transjakarta Halo min, apakah kartu krl bisa dipakai TJ non brt?",0,0,in
1.77983E+18,Mon Apr 15 11:01:42 +0000 2024,loveZS0498,Jam 6 udah di roxy padahal busway kapan lagi kan,0,0,in
1.77983E+18,Mon Apr 15 11:00:20 +0000 2024,luvllypatty,Eh betewee busway cooearth apakabar ?,0,0,in
1.77983E+18,Mon Apr 15 10:59:31 +0000 2024,khaiueu,"@PT_Transjakarta sore min, saya mau nanya rute busway dr kalideres mau ke mall ciputra jakarta gmn ya rute nya?",0,0,in
1.77983E+18,Mon Apr 15 10:55:12 +0000 2024,agigigieaj,"@pengengamuk penasaran tomoro ih, ada di halte busway csw wkwkwkwk",0,0,in
1.77983E+18,Mon Apr 15 10:53:39 +0000 2024,gogumatella,@PT_Transjakarta hari ini terpantau jak 14 g ad yg lewat setelah 10 angkot jak 12/11 sedih bgt,0,0,in
1.77983E+18,Mon Apr 15 10:52:57 +0000 2024,26Ceicei,"@rakyatwakandaaa Besok udah mulai rame lagi, nih.",0,0,in
1.77983E+18,Mon Apr 15 10:52:12 +0000 2024,26Ceicei,"Mengamankan kursi prioritas part 4.  JAK 87, LSG-230057. https://t.co/q6egbk8SUB",0,1,in
1.77983E+18,Mon Apr 15 10:52:07 +0000 2024,26Ceicei,"Mengamankan kursi prioritas part 3.  JAK 59, KWK-723. https://t.co/qCIBiqzzEK",0,0,in
1.77982E+18,Mon Apr 15 10:52:02 +0000 2024,26Ceicei,"Mengamankan kursi prioritas part 2.  TJ 2, PKT 101. https://t.co/ONCsKoUWsw",0,0,in
1.77982E+18,Mon Apr 15 10:51:57 +0000 2024,26Ceicei,"Mengamankan kursi prioritas part 1.  TJ 4F, DMR-230124. https://t.co/5kA1RywOjz",0,3,in
1.77982E+18,Mon Apr 15 10:50:09 +0000 2024,astaenoomy,min @PT_Transjakarta mau tanya dari rs harapan kita ke tangerang skrg naik T11 dimana ya? di bawah flyover halte rs harapan kita bukan?,0,1,in
1.77982E+18,Mon Apr 15 10:46:40 +0000 2024,ruthythebear,Gue ga bisa ketiduran di keretaâ€¦. Enakan di busway lebih amanğŸ˜­ğŸ’”,0,0,in
1.77982E+18,Mon Apr 15 10:46:32 +0000 2024,dsrimulyati20,@PT_Transjakarta JAK 99 beroperasi?,0,0,in
1.77982E+18,Mon Apr 15 10:43:05 +0000 2024,RafifFadhlurra4,@br9sko @PT_Transjakarta Silahkan jalan ke Stasiun Pondok Cina disitu naik KRL jurusan Jakarta Kota turun di Universitas Pancasila lalu naik D21 jurusan Lebak Bulus,0,0,in
1.77982E+18,Mon Apr 15 10:42:26 +0000 2024,RafifFadhlurra4,@YuniPanchali @PT_Transjakarta Alternatif bisa turun di Halte Grogol lalu naik JAK.56 jurusan Srengseng turun di Indosiar,0,0,in
1.77982E+18,Mon Apr 15 10:41:53 +0000 2024,RafifFadhlurra4,@jessicaclaudia @PT_Transjakarta Tapi kalau dari Pulomas silahkan naik Koridor 2 jurusan Monumen Nasional turun di Pasar Senen lalu naik 5D jurusan PGC turun di Cawang LRT lalu naik 7D jurusan Tegal Parang turun di Tebet Eco Park,0,0,in
1.77982E+18,Mon Apr 15 10:40:41 +0000 2024,burjo234950,Min rute 6H sudah dimana? Arah Lebak bulus Saya menunggu dihalte Setiabudi @PT_Transjakarta @PT_Transjakarta,0,0,in
1.77982E+18,Mon Apr 15 10:39:31 +0000 2024,canyouhearmeh_,masuk masuk eh rute tije andalan udah ganti ke lowdeck dan bayar 2xğŸ¤ğŸ» lets see pas udh masuk kerja normal akan efektif atau makin ruwed,0,0,in
1.77982E+18,Mon Apr 15 10:38:44 +0000 2024,RafifFadhlurra4,@sewiburupiah @PT_Transjakarta Pilihan 2: Naik 5N jurusan Ragunan turun di Duren Tiga lalu naik 6B jurusan Balaikota via Semanggi turun di Tosari,0,0,in
1.77982E+18,Mon Apr 15 10:38:07 +0000 2024,RafifFadhlurra4,@sewiburupiah @PT_Transjakarta Pilihan 1: Naik 5C jurusan Juanda turun di Monumen Nasional lalu naik Koridor 1 jurusan Blok M turun di Tosari,0,0,in
1.77982E+18,Mon Apr 15 10:38:03 +0000 2024,YuniPanchali,@PT_Transjakarta Buset! 3H nya lamaaa bgttt. Kayak bnyak aja busnya. Trus nasib yang mw ke indosiar gmn dongs? Mana itu halte udah seabad gak kelar2 ğŸ˜’,0,0,in
1.77982E+18,Mon Apr 15 10:37:15 +0000 2024,RafifFadhlurra4,@ahkocakluu @PT_Transjakarta Pilihan 3: Naik L13E jurusan Flyover Kuningan turun di Kuningan lalu naik Koridor 6 jurusan Ragunan,0,0,in
1.77982E+18,Mon Apr 15 10:36:46 +0000 2024,RafifFadhlurra4,@ahkocakluu @PT_Transjakarta Pilihan 2: Naik 13C jurusan Dukuh Atas turun di Dukuh Atas lalu naik 6B jurusan Ragunan,0,0,in
1.77982E+18,Mon Apr 15 10:36:20 +0000 2024,RafifFadhlurra4,@ahkocakluu @PT_Transjakarta Pilihan 1: Naik Koridor 13 jurusan Tegal Mampang turun di Tegal Mampang lalu naik 5N jurusan Ragunan,0,0,in
1.77982E+18,Mon Apr 15 10:36:11 +0000 2024,26Ceicei,Pulang. Selamat sore dari Halte Transjakarta Pulomas x Bus Stop Pulomas 1. https://t.co/c801yNVdSw,0,3,in
1.77982E+18,Mon Apr 15 10:35:47 +0000 2024,br9sko,@PT_Transjakarta min kalo dari margo city mau ke lebak bulus rutenya gimana ya? terima kasihh,0,0,in
1.77982E+18,Mon Apr 15 10:35:36 +0000 2024,RafifFadhlurra4,@blablablab68544 @PT_Transjakarta Pilihan 2: Naik Koridor 1 jurusan Blok M turun di Gelora Bung Karno lalu naik 3F jurusan Kalideres turun di Kalideres lalu naik JAK.50 jurusan Puri Kembangan,0,0,in
1.77982E+18,Mon Apr 15 10:35:02 +0000 2024,RafifFadhlurra4,@blablablab68544 @PT_Transjakarta Pilihan 1: Naik 3H jurusan Damai turun di Petojo lalu naik 2A jurusan Rawa Buaya turun di Jembatan Baru lalu naik 3E jurusan Puri Kembangan turun di Jl Puri Harum I,0,0,in
1.77982E+18,Mon Apr 15 10:32:16 +0000 2024,ahkocakluu,@PT_Transjakarta min tolong info jam jam operasional 6V dari gbk-ragunan,0,0,in
1.77982E+18,Mon Apr 15 10:32:08 +0000 2024,RafifFadhlurra4,@jessicaclaudia @PT_Transjakarta Kalau dari Pulomas silahkan naik Koridor 2 jurusan Monumen Nasional turun di Juanda lalu naik 5C jurusan PGC turun di Cawang LRT lalu naik 7D jurusan Tegal Parang turun di Tebet Eco Park,0,0,in
1.77982E+18,Mon Apr 15 10:32:06 +0000 2024,kuzfem,"demii wkwkw busway T11 makin bagus ğŸ˜­ğŸ˜­ lebih banyak juga kursinya, doa gue ka kabul @PT_Transjakarta",0,0,in
1.77982E+18,Mon Apr 15 10:27:02 +0000 2024,greentareu,@PT_Transjakarta dari halte tj simprug ke jiexpro kemayoran naik bis apa aja min?,0,0,in
1.77982E+18,Mon Apr 15 10:25:38 +0000 2024,mykyeomii,@PT_Transjakarta Makasi min ğŸ’–,0,0,in
1.77982E+18,Mon Apr 15 10:22:50 +0000 2024,ahkocakluu,@skidipapap215 @PT_Transjakarta okee makasiiih,0,0,in
1.77982E+18,Mon Apr 15 10:21:38 +0000 2024,onelyaeong,hari ini dengan tema nyari keringet pergi pake busway. lumayan yh,0,0,in
1.77982E+18,Mon Apr 15 10:18:58 +0000 2024,hosrangii,@PT_Transjakarta cek dm,0,0,tr
1.77982E+18,Mon Apr 15 10:16:54 +0000 2024,aliffmo,"Selamat sore minjak, info halte brt pancoran dunds apa sudah bisa dipakai kembali dalam hari dekat dekat ini @PT_Transjakarta",0,0,in
1.77982E+18,Mon Apr 15 10:15:51 +0000 2024,burjo234950,@PT_Transjakarta Tetap rem mendadak bikin jatoh @PT_Transjakarta,0,0,in
1.77981E+18,Mon Apr 15 10:12:09 +0000 2024,fawardana21,@ahkocakluu @PT_Transjakarta Bisa antara 2 itu ya kak,0,0,in
1.77981E+18,Mon Apr 15 10:10:17 +0000 2024,ahkocakluu,@skidipapap215 @PT_Transjakarta naik 6V bisa dari tirtayasa/ harus dari rawa barat?,0,0,in
1.77981E+18,Mon Apr 15 10:00:36 +0000 2024,fsirytale,@PT_Transjakarta baik terima kasih min!,0,0,in
1.77981E+18,Mon Apr 15 09:56:07 +0000 2024,fawardana21,"@ahkocakluu @PT_Transjakarta Klo 13D tidak beroperasi,solusinya bisa naik 13C/13 turun di rawa barat lalu nyambung 6V menuju Ragunan atau naik L13E turun di kuningan lalu naik 6/6A tujuan ragunan",0,1,in
1.77981E+18,Mon Apr 15 09:55:42 +0000 2024,telon_ajagpp,"@PT_Transjakarta min, koridor 4K hari ini beroperasi kah?",0,0,in
1.77981E+18,Mon Apr 15 09:51:27 +0000 2024,bebby14,@PT_Transjakarta ini gmn si 4c yang dari bunderan senayan kenapa lama banget padahal gak macet masa udh 15 menit gak ada armada,0,0,in
1.77981E+18,Mon Apr 15 09:51:09 +0000 2024,Ravi___Gujar,@prasadvedpathak Ani tu 90% tweet tije pic takun karto good for business bro,0,3,in
1.77981E+18,Mon Apr 15 09:48:35 +0000 2024,ahkocakluu,@PT_Transjakarta min info rute dari puri beta ke ragunan weekday,0,0,in
1.77981E+18,Mon Apr 15 09:45:20 +0000 2024,fsirytale,"@PT_Transjakarta min, rute dari stasiun juanda ke taman anggrek naik koridor berapa, ya?",0,0,in
1.77981E+18,Mon Apr 15 09:40:39 +0000 2024,coretcoretanz,"@CommuterLine Untuk info seputar transportasi umum seperti @PT_Transjakarta dan lainnya, bisa cek akun2 komunitas berikut ini  @jalur5_  @TransKopaja  @TfJakarta  @BuswayFansC   Hatur nuhun sudah membaca sampai akhir! Open for discussion yaa~ ğŸ™ğŸ»",1,3,in
1.77981E+18,Mon Apr 15 09:37:59 +0000 2024,burjo234950,Min saya mau melaporkan bahwa pramudi anda selama perjalanan ngebut+rem mendadak tanggal kejadian:15 April 2024 jam kejadian:16.36 no body:MB-1649 koridor :3 tempat kejadian:Halte taman kota Arah:Monumen Nasional @PT_Transjakarta @DKIJakarta @DKIJakarta @PT_Transjakarta,0,0,in
1.77981E+18,Mon Apr 15 09:37:18 +0000 2024,AnnCh747,"@PT_Transjakarta Rute dari tangerang ke Jakarta bukan nya dipermudah tapi dibuat ribet dah kek angkot, nunggu penuh baru jalan, naik dari tempat nge tem.. Gimana mau kampanye naik transportasi umum kalo kayak gini perlakuannya. https://t.co/xaWcLzZk8n",0,0,in
1.77981E+18,Mon Apr 15 09:36:24 +0000 2024,PenguinsTiger,@goodmoodvibz Masa ke pasar naik buswayğŸ˜‘,0,0,in
1.77981E+18,Mon Apr 15 09:34:36 +0000 2024,wafferpuff,Nungguin transjakarta &gt;&gt;&gt;&gt;&gt; nungguin transjogja alias lama bat cooooyyy gwejh kburu berlumut,0,0,in
1.77981E+18,Mon Apr 15 09:32:54 +0000 2024,papihsugarfree,"busway kalo sepi enak bgt adem, gk mau kluar dr busway yg adem iniii",0,0,in
1.7798E+18,Mon Apr 15 09:27:49 +0000 2024,skrrhmaaul,"@PT_Transjakarta min kl dri terminal Pulogebang ke Stasiun Cakung, bisa naik jaklingko yg berapa ya?",0,0,in
1.7798E+18,Mon Apr 15 09:27:21 +0000 2024,samsarigged,Saya Ketika Diminta Jaga Boundary Padahal Saya Pemotor di Jakarta dan Itu Tuh Ada Jalur Busway Kosong Masa Nggak Dimanfaatin https://t.co/dzyrd9NyE8,1,1,in
1.7798E+18,Mon Apr 15 09:27:18 +0000 2024,coretcoretanz,"@CommuterLine Berikut ini timeline perjalananku dengan Transjakarta dari Salemba ke Depok..  14.11 Tap-in Halte Salemba 14.30 Tap-out Halte Manggarai (Rp3.500) 14.34--14.40 Transit/transfer lewat St. Manggarai (tap-in tap-out Rp1) 14.50-an Tap-in on bus 4B, berangkat dari Halte St. Manggarai",0,0,in
1.7798E+18,Mon Apr 15 09:24:56 +0000 2024,mentholxxtra,"@PT_Transjakarta selamat sore min, mau tanya. skrg bus rute T11 dan T12 sudah ganti ya? apakah skrg untuk naik menjadi di luar halte? terima kasih ğŸ™ğŸ»",0,0,in
1.7798E+18,Mon Apr 15 09:24:28 +0000 2024,sewiburupiah,@PT_Transjakarta min kalo dari halte kp melayu mau ke plaza galeon di MH Thamrin naik rute yg mana ya min dan turunnya di mana ya di halte terdekat dari gedung itu,0,0,in
1.7798E+18,Mon Apr 15 09:23:41 +0000 2024,pawangnyabocil,"@dokjyeah @PT_Transjakarta naek S22 turun flyover pasar rebo,terus lanjut koridor 7 arah melayu..",0,0,in
1.7798E+18,Mon Apr 15 09:21:43 +0000 2024,akuanakayammm,@souwbek di busway,0,0,in
1.7798E+18,Mon Apr 15 09:20:01 +0000 2024,astagaindra,@PT_Transjakarta okeii ka,0,0,in
1.7798E+18,Mon Apr 15 09:18:57 +0000 2024,BudimanDjojo,@PT_Transjakarta Kalau dari landasan pacu Kemayoran?,0,1,in
1.7798E+18,Mon Apr 15 09:10:28 +0000 2024,gentrifybimbo,tol JORR 2 bagus tuh dibikin busway. ini di pemerintahan gak ada yg kepikiran y???  drpd tunggu kereta lingkar luar jabodetabek (tp bukan brarti jabodetabek dah gak perlu kereta itu lg),0,0,in
1.7798E+18,Mon Apr 15 09:09:57 +0000 2024,fawardana21,"@piramarisa @PT_Transjakarta Gampangnya naik 4D ke kuningan lalu naik L13E turun halte adam malik dan transit ke rute 13 tujuan CBD Ciledug, dari CBD Ciledug naik trans tangerang (TAYO) ke tangcity dengan ongkos 2.000 untuk tayo daj 3.500 untuk TJ",0,0,in
1.7798E+18,Mon Apr 15 09:07:35 +0000 2024,fawardana21,"@lalaaaul @PT_Transjakarta Sebrangnya persis kak, nanti tanya aja sama petugasnya biar diarahin ya",0,0,in
1.7798E+18,Mon Apr 15 09:07:18 +0000 2024,RafifFadhlurra4,@ieazzz @PT_Transjakarta Pilihan 4: Naik Koridor 8 jurusan Lebak Bulus turun di Kebayoran lalu naik 13C jurusan Dukuh Atas turun di Karet,0,0,in
1.7798E+18,Mon Apr 15 09:06:49 +0000 2024,RafifFadhlurra4,@ieazzz @PT_Transjakarta Pilihan 3: Naik 10H jurusan Bundaran Senayan turun di Senayan lalu naik 1B jurusan Tosari turun di Karet,0,0,in
1.7798E+18,Mon Apr 15 09:06:26 +0000 2024,RafifFadhlurra4,@ieazzz @PT_Transjakarta Pilihan 2: Naik 2A jurusan Pulo Gadung turun di Balaikota lalu naik 6B jurusan Ragunan via Semanggi turun di Karet,0,0,in
1.7798E+18,Mon Apr 15 09:05:54 +0000 2024,RafifFadhlurra4,@ieazzz @PT_Transjakarta Pilihan 1: Naik Koridor 3 jurusan Monumen Nasional turun di Monumen Nasional lalu naik Koridor 1 jurusan Blok M turun di Karet,0,0,in
1.7798E+18,Mon Apr 15 09:02:58 +0000 2024,ieazzz,Halo @PT_Transjakarta dari halte petojo mau ke halte karet sudirman bisa naik rute busway apa?,0,2,in
1.7798E+18,Mon Apr 15 09:02:17 +0000 2024,boluubantet,@PT_Transjakarta cek dm,0,0,tr
1.7798E+18,Mon Apr 15 09:01:26 +0000 2024,RafifFadhlurra4,@Albizia_Chianti @PT_Transjakarta Pilihan 2: Naik 13C jurusan Dukuh Atas turun di CSW lalu naik 1C jurusan Blok M turun di Blok M lalu naik JAK.31 jurusan Andara turun di Simpang DDN,0,0,in
1.7798E+18,Mon Apr 15 08:57:03 +0000 2024,Dasa_lima,"@pemerisaan Rapih banget, kayaknya mau ke Bekasi. Ini naik Transjakarta bukan sih?",0,0,in
1.7798E+18,Mon Apr 15 08:54:02 +0000 2024,sinaga_doly,"@adriansyahyasin Pondol Indah Mall sudah fully connected dg Transjakarta, cuma ya macetnya kadang gak nahanin kalau naik transum kesana hehehe. Yg paling strategis memang kalau connect ke KRL atau MRT.",0,0,in
1.7798E+18,Mon Apr 15 08:53:52 +0000 2024,BudimanDjojo,Apa ada bus @PT_Transjakarta ke JI-Expo?,0,0,in
1.7798E+18,Mon Apr 15 08:53:49 +0000 2024,RafifFadhlurra4,@dokjyeah @PT_Transjakarta Iya mix antara Non BRT dengan BRT,0,0,in
1.7798E+18,Mon Apr 15 08:53:44 +0000 2024,GoiKONGo,"@PT_Transjakarta min, dari puribet ke perpustakaan Cikini naik koridor apa aja ? Makasih",0,0,in
1.7798E+18,Mon Apr 15 08:53:25 +0000 2024,RafifFadhlurra4,@tyas_saras @PT_Transjakarta Pilihan 2: Naik 5H jurusan Ancol turun di Pasar Baru Timur lalu naik 10H jurusan Bundaran Senayan turun di Gelora Bung Karno,0,0,in
1.7798E+18,Mon Apr 15 08:52:54 +0000 2024,RafifFadhlurra4,@tyas_saras @PT_Transjakarta Pilihan 1: Naik Koridor 8 jurusan Lebak Bulus turun di Jelambar lalu naik 3F jurusan Gelora Bung Karno,0,0,in
1.77979E+18,Mon Apr 15 08:52:28 +0000 2024,dokjyeah,@RafifFadhlurra4 @PT_Transjakarta S22 tuh brt kan kak???,0,0,in
1.77979E+18,Mon Apr 15 08:50:04 +0000 2024,Yeneza,"@PT_Transjakarta @lalaaaul Jangan lupa info kalo naik T11 bukan di halte petamburan lagi, tapi BUS STOP. Jadi kakaknya silahkan keluar halte menuju Bus Stop petamburan dan menunggu T11 disana. Sama-sama ğŸ™ğŸ»",0,0,in
1.77979E+18,Mon Apr 15 08:49:34 +0000 2024,RafifFadhlurra4,@dokjyeah @PT_Transjakarta Silahkan naik S22 jurusan Kampung Rambutan turun di Flyover Raya Bogor lalu naik Koridor 7 jurusan Kampung Melayu turun di Cawang LRT,0,0,in
1.77979E+18,Mon Apr 15 08:45:36 +0000 2024,dokjyeah,min info donggg kalau dari ciputat ke cawang rutenya gimana yaaaaa @PT_Transjakarta,0,0,in
1.77979E+18,Mon Apr 15 08:45:12 +0000 2024,KompasTV,"Layani Penumpang Arus Balik, TransJakarta Beroperasi sejak Dini Hari dari Terminal Pulogebang https://t.co/nv4DkG7n6T",0,1,in
1.77979E+18,Mon Apr 15 08:42:14 +0000 2024,gookiest7,"minn, mau tanya dong kalau dr lippo mall puri ke cawang central naik tj no brapa yahh @PT_Transjakarta",0,0,in
1.77979E+18,Mon Apr 15 08:36:16 +0000 2024,aestronomyz,"@worksfess tergantung jkt barat mana sih, ak jatiasih pp senayan msh sanggup krn cuma sekali busway dan motoran. dulu pp ke pluit sanggup juga tp capeknya gila",0,0,in
1.77979E+18,Mon Apr 15 08:34:25 +0000 2024,yusnannnn,@wrk_hlic busway adaaa kok naik kor 9 setelah itu naik 13c,0,0,in
1.77979E+18,Mon Apr 15 08:31:00 +0000 2024,coretcoretanz,@CommuterLine note 2 (harusnya udah dari ngejelasin soal tarif Rp1 sih ya wkwkwk):  Tarif Rp1 khusus transfer/transit Transjakarta di Stasiun Manggarai ini baru aku tahu beberapa bulan lalu (kayaknya pertengahan 2023) ketika iseng nyoba  Entahlah apakah pernah ada sosialisasi atau engga,0,0,in
1.77979E+18,Mon Apr 15 08:30:55 +0000 2024,tyas_saras,"@PT_Transjakarta Kak, rute dari pasar baru ke gbk bagaimana ya?",0,0,in
1.77979E+18,Mon Apr 15 08:30:51 +0000 2024,LeahAlifahni,"@PT_Transjakarta Okee min thankss, kalao dari petamburan langsung ke patra kuningan halte apakah rute nya sama?",0,0,in
1.77979E+18,Mon Apr 15 08:18:14 +0000 2024,Ulfiwrdh21_,@PT_Transjakarta kejadian busway di koridor 1 Blok M - Kota saat di halte asean dengan harapan di tegur petugas supaya penumpang lakiÂ²ditegur agar pindah ke kebelakang namun malah diacuhkan petugas dan tetap membiarkan penumpang lakiÂ²tetap di area khusus wanita https://t.co/Zu8v9ugVT1,0,0,in
1.77978E+18,Mon Apr 15 08:11:54 +0000 2024,piramarisa,@skidipapap215 @PT_Transjakarta mana ajah sih kk bisa tangcit bisa karawaci,0,0,in
1.77978E+18,Mon Apr 15 08:11:18 +0000 2024,piramarisa,@PT_Transjakarta kalo berento di tangerang city gimana kak,0,0,in
1.77978E+18,Mon Apr 15 08:03:24 +0000 2024,NasionalBerita_,Arus Balik Lebaran 2024: Transjakarta Perpanjang Jam Layanan hingga Tambah Rute #arusbaliklebaran #transjakarta #perpanjangjamlayanan #tambahrute #infotransjakarta #infojakartahariini #beritaterkini #beritahariini #beritanasional  https://t.co/R0wY2wNqgQ,0,0,in
1.77978E+18,Mon Apr 15 08:03:14 +0000 2024,demonicdancer_9,"@xxxstrx_ Wakakakakak ğŸ˜­ğŸ˜­ğŸ˜­  Ih macet macetan, enak aku naik lrt naik busway naik krl bisa bobo wakakaka",0,0,in
1.77978E+18,Mon Apr 15 08:01:57 +0000 2024,fallinmarkie,"bimbang banget mau sharing hotel buat tds nanti atau engga ya, soalnya nunggu busway jam 10 keatas lama banget ğŸ˜­ğŸ˜­",0,0,in
1.77978E+18,Mon Apr 15 08:00:59 +0000 2024,coretcoretanz,"Buat kamu yg ""malas"" naik KRL Commuter, opsi transportasi umum dari UI Salemba (dan sekitarnya) ke Depok adalah dengan naik Tije  Perjalanan dimulai dari halte Salemba (dulu bernama Salemba UI) untuk naik bus arah Kampung Melayu/Cililitan (bus rute 5/5C/5D) https://t.co/ZamUbkqIFM",0,0,in
1.77978E+18,Mon Apr 15 07:59:58 +0000 2024,astagaindra,@RafifFadhlurra4 @PT_Transjakarta makasih yaa,0,0,in
1.77978E+18,Mon Apr 15 07:59:49 +0000 2024,andikafkr,@PT_Transjakarta jam nya min? dri summarecon ke blok m,0,1,in
1.77978E+18,Mon Apr 15 07:58:21 +0000 2024,lalaaaul,"@skidipapap215 @PT_Transjakarta oalaah okk, bus stopnya tuh jauh dari Halte Petamburan gak yaa?",0,0,in
1.77978E+18,Mon Apr 15 07:57:27 +0000 2024,coretcoretanz,"Mau sedikit sharing perjalanan dari daerah Salemba, Kenari, Jakpus (specifically dari kampus UI Salemba) ke Depok (Kampus UI Depok) full naik Transjakarta dan serba-serbinya  a thread (tapi gapake link affiliate kok wkwk)",0,9,in
1.77978E+18,Mon Apr 15 07:54:35 +0000 2024,RafifFadhlurra4,@RMLostAirpods @PT_Transjakarta Jam 21.00 terakhir dari Terminal Poris Plawad,0,0,in
1.77978E+18,Mon Apr 15 07:53:48 +0000 2024,fawardana21,@piramarisa @PT_Transjakarta Info halte tangerang dimana ya lengkapnya,0,0,in
1.77978E+18,Mon Apr 15 07:52:27 +0000 2024,fawardana21,@lalaaaul @PT_Transjakarta Dari GBK naik 3F turun petamburan lalu keluar halte dan naik T11 dari bus stop Petamburan,0,0,in
1.77978E+18,Mon Apr 15 07:51:26 +0000 2024,RafifFadhlurra4,@boobelgum @PT_Transjakarta Dari Halte Cawang Cililitan ex BKN langsung saja naik 9A jurusan Grogol Reformasi turun di Cikoko,0,0,in
1.77978E+18,Mon Apr 15 07:50:36 +0000 2024,kumparan,"Transjakarta di Terminal Kalideres Aktif 24 Jam, Antisipasi Puncak Arus Balik #focus #balik2024 #news #text https://t.co/aKXEiUoiMG",0,0,in
1.77978E+18,Mon Apr 15 07:50:29 +0000 2024,RafifFadhlurra4,@jiaksksks @PT_Transjakarta Silahkan naik KRL jurusan Jakarta Kota turun di Duren Kalibata lalu naik 7Q jurusan Blok M turun di Mampang Prapatan,0,0,in
1.77978E+18,Mon Apr 15 07:49:43 +0000 2024,RafifFadhlurra4,@1823_pda @PT_Transjakarta Dari Halte Flyover Cipinang ex Imigrasi Jakarta Timur silahkan naik Koridor 11 jurusan Kampung Melayu turun di Kampung Melayu lalu naik Koridor 7 jurusan Kampung Rambutan turun di Cawang LRT lalu naik Koridor 9 jurusan Pluit turun di Jembatan Tiga,0,0,in
1.77978E+18,Mon Apr 15 07:48:35 +0000 2024,RafifFadhlurra4,@piramarisa @PT_Transjakarta Silahkan naik JAK.23 jurusan Senen turun di Terminal Senen lalu naik KRL jurusan Cikarang turun di Duri lalu naik jurusan Tangerang,0,0,in
1.77978E+18,Mon Apr 15 07:48:34 +0000 2024,dameboy_,"@PT_Transjakarta armada MYS-21283 Pengharum ruangannya ga ngotak, 8 Stella Jeruk syalanğŸ˜­ğŸ˜­ğŸ˜­ğŸ˜­",0,0,in
1.77978E+18,Mon Apr 15 07:47:53 +0000 2024,RafifFadhlurra4,@RagilCintaku @PT_Transjakarta Dari seberangnya ya,0,1,in
1.77978E+18,Mon Apr 15 07:47:07 +0000 2024,RMLostAirpods,Hari ini T11 dari Tangerang terakhir jam berapa? @PT_Transjakarta,0,0,in
1.77978E+18,Mon Apr 15 07:46:32 +0000 2024,aurellievern,@PT_Transjakarta kl dr lrt gbs kah?,0,0,in
1.77978E+18,Mon Apr 15 07:45:28 +0000 2024,RafifFadhlurra4,@Yeneza @PT_Transjakarta Kan sudah ada pemberitahuannya di medsos TJ dan Halte Petamburan,0,0,in
1.77978E+18,Mon Apr 15 07:44:39 +0000 2024,RafifFadhlurra4,@astagaindraa @PT_Transjakarta Langsung saja naik MRT jurusan Lebak Bulus Grab turun di Blok M BCA,0,0,in
1.77978E+18,Mon Apr 15 07:42:50 +0000 2024,SonoraFM92,"13.20 #LalinSonora  Di bawah layang Pesing jalan Daan Mogot, pengendara motor membawa muatan (kulkas) keberatan dan miring dipembatas busway, dibantu pengendara motor lain, lalulintas tersendat. @bram92 https://t.co/iP8x0Yb8MZ",1,1,in
1.77978E+18,Mon Apr 15 07:37:56 +0000 2024,alvienazz,"buat temen temen yang memakai transjakarta buat kerja/kuliah/sekolah/main dll, boleh tolong isi survey ini ya! terima kasihğŸ¥ºğŸ¥ºğŸ¥ºğŸ¥ºâ¤ï¸â¤ï¸ https://t.co/rwtH7EWNdZ",17,10,in
1.77978E+18,Mon Apr 15 07:35:37 +0000 2024,astagaindra,@PT_Transjakarta min kalo dari stasiun sudirman ke blok m naik apa ya?,0,0,in
1.77978E+18,Mon Apr 15 07:34:34 +0000 2024,IDNTimesTravel,"CaraÂ ke Ragunan Naik Transjakarta, MRT, dan KRL , Jadi Lebih Cepat https://t.co/Y86BMk3djJ",2,0,in
1.77977E+18,Mon Apr 15 07:32:34 +0000 2024,excel_boy,"@PT_Transjakarta halo min, mau nanya kenapa saya gabisa bayar pake Gopay ya di aplikasi Tije",0,0,in
1.77977E+18,Mon Apr 15 07:31:39 +0000 2024,Yeneza,"@PT_Transjakarta Iyah tolong sampaikan dong ke tim kalian kalo ada perubahan coba di sounding jauh-jauh hari khususnya di tmpt yang mudah ditangkep mata, before dan after implemetasi. Pikirin regular customer yang biasa masuk langsung tap dan nunggu utk nangkap info lebih mudah",0,0,in
1.77977E+18,Mon Apr 15 07:27:10 +0000 2024,LeahAlifahni,Transjakarta ada ga min yang dari slipi petamburan ke mega kuningan? @PT_Transjakarta kalo ada mau tau dong bis no berapa dan arah yg kemana?,0,0,in
1.77977E+18,Mon Apr 15 07:25:43 +0000 2024,mkrma_project,"Lewat aplikasi job hunter pun udah ngga kehitung... Pernah sewaktu di Jakarta/tangerang numpang tinggal di kost temen, dapet kesempatan tes dan interview di daerah Jaktim, Jakut, Jaksel, Jakbar, Tangerang kayaknyaa udah semua ngerasain. Berangkat pagi-pagi naik busway",0,0,in
1.77977E+18,Mon Apr 15 07:24:35 +0000 2024,lalaaaul,"@PT_Transjakarta ka, sekarang kalo mau naik T11 dari Bundaran HI rutenya gimana ya? Setelah naik no 1 ke GBK, lanjutannya gimana?",0,0,in
1.77977E+18,Mon Apr 15 07:19:30 +0000 2024,kucing_gantenkk,@kaleramadhan_ @capletlover @stravenues Bukannya bis biasa itu? BRT mah harus ada dedicated lane kaya transjakarta.,0,0,in
1.77977E+18,Mon Apr 15 07:16:41 +0000 2024,ppausebreakk,@PT_Transjakarta @pzocoyo ke sinin sentral raa trus nunggu 6h (jujur ini lama) abistu turun di tim,0,0,in
1.77977E+18,Mon Apr 15 07:15:30 +0000 2024,forchanheessi,Pdhl dulu katanya sempet masuk koran krn lumayan sukses. Terus sempet denger jg halte busway pinang ranti tuh dulu empangnya babeh terus akhirnya dijual dehh krn yaa itu gk ada yg mau nerusin pdhl anaknya ada 11 anjirrr,0,0,in
1.77977E+18,Mon Apr 15 07:15:13 +0000 2024,RagilCintaku,"Min naik T12 kalo dari mall balekota, itu tuh di depan mallnya apa sebrang mallnya ya kak arah ke Juanda @PT_Transjakarta",0,0,in
1.77977E+18,Mon Apr 15 07:13:33 +0000 2024,hngklv,@bhismaaa10 @PT_Transjakarta Klo yg naik busway ke st kebayorannya gaada ya mas? Hrs naik jak 11?,0,0,in
1.77977E+18,Mon Apr 15 07:08:44 +0000 2024,hazelnuttflavs,"@tanyarlfes eh tp gue jg pernah telinga gue kena ujung gagang gitar sm pengamen di jembatan busway yg di citra land itu sakit bgt demi allah sampe telinga gue merah, tp pengamen nya ga minta maafğŸ˜­",0,0,in
1.77977E+18,Mon Apr 15 07:02:38 +0000 2024,checkpoint1945,@_cia_07 Pojok Kompas di Halte Tije CSW,0,0,in
1.77977E+18,Mon Apr 15 07:01:41 +0000 2024,piramarisa,"@PT_Transjakarta kak mau tanya saya de halte pasar genjing, mau ke halte tangerang transit dimana yaaa",0,0,in
1.77976E+18,Mon Apr 15 06:51:18 +0000 2024,kaiysar,Penasaran bgt dr taun2 maren sampe skrng blm tau apa sih alesan halte tj di stasiun cakung itu dimatiin? Padahal dr term pulo gebang itu jd st. terdeket tp jadinya hrs ke buaran naek 11. Haltenya angker &amp; sering minta tumbal kah jd membahayakan makanya ditutup? @PT_Transjakarta,0,1,in
1.77976E+18,Mon Apr 15 06:51:02 +0000 2024,KichiFukuMasaru,"@PT_Transjakarta Siang min,kalo mau ke pondok labu dari halte Transjakarta Puri beta bagaimana min",0,0,in
1.77976E+18,Mon Apr 15 06:45:55 +0000 2024,hargveld,@PT_Transjakarta Apakah hanya melayani satu arah Tanjung Duren - Tanah Abang?  Atau bisa juga Tanah Abang - Tanjung Duren ya?,0,0,in
1.77976E+18,Mon Apr 15 06:45:45 +0000 2024,fajarrambu,@PT_Transjakarta min rute 2C Balaikota - JIEXPO hari ini beroperasi gak?,0,0,in
1.77976E+18,Mon Apr 15 06:44:54 +0000 2024,sshyyylove,"pengen jalan ke halte, lalu naik busway &amp; seneng seneng ke blok m. soalnya rumah gue sepi bgt gada kehidupan ğŸ¤¤",0,0,in
1.77976E+18,Mon Apr 15 06:39:56 +0000 2024,RafifFadhlurra4,@Yeneza @PT_Transjakarta Informasinya ada di medsos TJ ya,0,0,in
1.77976E+18,Mon Apr 15 06:39:23 +0000 2024,aurellievern,kak kl mau ke graha pratama tebet naik lrt taman mini nyambung atau turunnya dr mana yh @PT_Transjakarta thx love,0,0,in
1.77976E+18,Mon Apr 15 06:37:58 +0000 2024,RafifFadhlurra4,@yerijkt @PT_Transjakarta Pilihan 3: Naik 2Q jurusan Balaikota turun di Balaikota lalu naik BW4 jurusan Bundaran Senayan,0,0,in
1.77976E+18,Mon Apr 15 06:36:32 +0000 2024,andikafkr,@PT_Transjakarta halo min. B13 untuk tanggal 16 April sudah beroperasi belum? boleh minta jadwal nya?,0,0,in
1.77976E+18,Mon Apr 15 06:35:41 +0000 2024,RafifFadhlurra4,@petrichorxyw @PT_Transjakarta Tapi kalau dari Ragunan silahkan naik 6A jurusan Balaikota turun di Balaikota lalu naik 1A jurusan Pantai Maju turun di Mangga Besar,0,0,in
1.77976E+18,Mon Apr 15 06:35:12 +0000 2024,JusT_jungwonnn,@PT_Transjakarta koridor 6h beroperasi sampai jam brp min?,0,0,in
1.77976E+18,Mon Apr 15 06:34:43 +0000 2024,Yeneza,@PT_Transjakarta Halo! Informasi perubahan armada/rute/apapun itu bisa lebih eye catching di sisi tempat nunggu bus gak ya? Bukan cuma di gate aja. Saya hampir sampe kiamat nunggu T11 di halte kemanggisan taunya ternyata sejak 6 april pas orang pada mudik ternyata ada perubahan.,0,0,in
1.77976E+18,Mon Apr 15 06:33:45 +0000 2024,RafifFadhlurra4,@was_puelluna @PT_Transjakarta Langsung saja naik B11 jurusan Summarecon Bekasi turun di Kayu Ringin,0,0,in
1.77976E+18,Mon Apr 15 06:30:08 +0000 2024,lsngmyslf12,beda kalo lagi di jkt bisa kemana aja ga perlu bingung harus naik kereta/busway,0,0,in
1.77976E+18,Mon Apr 15 06:26:57 +0000 2024,thanderbolts,@bumbibble @PT_Transjakarta Bantujawab tarif ekonomi berlaku jam 05.00-07.00,0,0,in
1.77976E+18,Mon Apr 15 06:25:47 +0000 2024,was_puelluna,"@PT_Transjakarta halo min, kalo dari cawang mau ke metropolitan mall rutenya gmn ya? Thank you https://t.co/d3QPxK2uP6",0,0,in
1.77976E+18,Mon Apr 15 06:16:24 +0000 2024,akasaaagn,"@PT_Transjakarta min, kartu krl bisa ngetap in tap out di pemuda rawamangun dan tosari ga ya buat naik koridor 4 dan 1",0,0,in
1.77975E+18,Mon Apr 15 06:13:19 +0000 2024,Hoolahoolala,"@PT_Transjakarta hi min, 7c hari ini beroperasi sampai jam berapa ya ke cibubur?",0,0,in
1.77975E+18,Mon Apr 15 06:10:05 +0000 2024,211Tije,"@rmsdfi Aku colong ya Kak Dep, fotonya. Dimplenya menggoda iman ğŸ¥°",0,0,in
1.77975E+18,Mon Apr 15 06:09:35 +0000 2024,SonoraFM92,"12.45 #InfoSonora  Bus Transjakarta dengan tujuan lokasi wisata ,seperti kota tua penuh sesak oleh penumpang yang akan berwisata.  @HeriWiy https://t.co/ZpIpI98Wyo",0,0,in
1.77975E+18,Mon Apr 15 06:08:54 +0000 2024,211Tije,"@sparkliw Sama salah satu dari mereka. Kalo sama Namjoon, mau museum atau library date, trus ngopi lanjut dinner bareng. Kalo sama Hobi, ikut dia aja mau ngapain karena pasti seru dan fun. Tapi karena aku serakah, mau kayak waktu BV Malta, jadi aku nyelip di antara mereka keliling kota ğŸ˜ https://t.co/Pgcr4mC5Bw",0,0,in
1.77975E+18,Mon Apr 15 06:06:47 +0000 2024,EunGi_Tammy,"@PT_Transjakarta Udah dicek berkala, tapi belum masuk juga min ğŸ˜­ğŸ˜­",0,0,in
1.77975E+18,Mon Apr 15 06:01:52 +0000 2024,ultraheavennn,"@PT_Transjakarta halo selamat siang min, mau nanya kalo mau naik TJ dari sekitaran MRT Dukuh Atas mau ke gedung Midpoint sebelah Ibis Tanah Abang, naiknya dari halte apa dan pilih ya rutenya yang mana ya min? Terima kasih",0,0,in
1.77975E+18,Mon Apr 15 05:59:15 +0000 2024,cloduieth,"@PT_Transjakarta halo kak, halte cibubur junction beroperasi sampe jam berapa ya? dan rute ke halte cempaka baru dari halte cibubur junction gimana, terima kasihh",0,0,in
1.77975E+18,Mon Apr 15 05:59:06 +0000 2024,RafifFadhlurra4,@pzocoyo @PT_Transjakarta Langsung saja naik 5M jurusan Tanah Abang via Cikini turun di Simpang RP Soeroso,0,0,in
1.77975E+18,Mon Apr 15 05:58:24 +0000 2024,Bulkskull,"@herculep638 Pemilu udah kelar,lebaran udah kelar kok masih aja cengeng ngarepin pilihan sendiri menang,maksa bngt wkwkwk",0,0,in
1.77975E+18,Mon Apr 15 05:57:58 +0000 2024,RafifFadhlurra4,@vousmekoyes @PT_Transjakarta Pilihan 2: Naik JAK.13 jurusan Kota Intan turun di Jl Telepon Kota lalu naik JAK.120 jurusan Muara Angke turun di Baywalk Mall,0,0,in
1.77975E+18,Mon Apr 15 05:57:19 +0000 2024,RafifFadhlurra4,@vousmekoyes @PT_Transjakarta Pilihan 1: Naik 3H jurusan Kota turun di Kalibesar lalu naik 12B jurusan Pluit turun di Baywalk Mall,0,0,in
1.77975E+18,Mon Apr 15 05:53:33 +0000 2024,RafifFadhlurra4,@ohayayi @PT_Transjakarta Silahkan naik L13E jurusan Flyover Kuningan turun di Kuningan lalu naik 6H jurusan Senen,0,0,in
1.77975E+18,Mon Apr 15 05:51:56 +0000 2024,moondayism,@PT_Transjakarta hai min apakah t11 beroperasi spt biasa? Kalau iya end pointnya kalau di jkt tetep di slipi petamburan kah?,0,2,in
1.77975E+18,Mon Apr 15 05:50:41 +0000 2024,mrtjakarta,"@Nugisuke @KeretaCepatID @lrtjabodebek @PT_Transjakarta @CommuterLine Hai, Kak. Terima kasih atas masukan dan saran yang diberikan. Hal tersebut menjadi motivasi kami untuk meningkatkan pelayanan yang lebih baik ke depannya. Terima kasih. -RE",0,0,in
1.77975E+18,Mon Apr 15 05:47:19 +0000 2024,Nugisuke,"Indonesia sudah berhasil punya @KeretaCepatID , tapi tampaknya SDM @lrtjabodebek @PT_Transjakarta @CommuterLine bahkan @mrtjakarta belum siap menghadapi turis asing sebagai imbas kehadiran kereta cepat.  Tolong tingkatkan bahasa Inggrisnya ğŸ˜­",1,1,in
1.77975E+18,Mon Apr 15 05:41:17 +0000 2024,camilatsarah,@SUGAMARAH transjakarta,0,0,pl
1.77975E+18,Mon Apr 15 05:36:43 +0000 2024,oceanlande,@PT_Transjakarta min busway 5C lewat halte busway st. cawang ga ya?,0,0,in
1.77975E+18,Mon Apr 15 05:34:28 +0000 2024,Yeneza,"Udah hampir 45mnt nunggu T11 di halte kemanggisan, bisa lacak posisi dimana ya? Mana haltenya gak ada bangku nih buat nunggu @PT_Transjakarta",0,0,in
1.77974E+18,Mon Apr 15 05:32:13 +0000 2024,hargveld,"@PT_Transjakarta min, 8M arah tanjung duren dari tanah abang beroperasi normal kah?",0,0,in
1.77974E+18,Mon Apr 15 05:29:09 +0000 2024,callxaxyj,Lucu banget naik sakura tram berasa kayak naik transjakarta ğŸ˜­,0,0,in
1.77974E+18,Mon Apr 15 05:28:33 +0000 2024,wahjahwa,"@bhismaaa10 @RafifFadhlurra4 @PT_Transjakarta Owhh, okee terimakasih infonya bang",0,0,in
1.77974E+18,Mon Apr 15 05:23:54 +0000 2024,ShouJueWangZhe,"@PT_Transjakarta palang bus stop rute S21 di ""Kampus UIN 1"" sudah usang dan tidak terpasang informasi rute dan perlu dipasang palang informasi rute  Tidak bisa lapor di JAKI karena udah area ciputat https://t.co/TsI155yD1x",0,0,in
1.77974E+18,Mon Apr 15 05:23:20 +0000 2024,bhismaaa10,@wahjahwa @RafifFadhlurra4 @PT_Transjakarta 1P itu royal trans Jangan mau naik ini Mahal 20rb  Mending naik 7C transit Cawang Cililitan Lanjut 5D turun Senen sentral Tinggal jalan ke Senen sentral,0,0,in
1.77974E+18,Mon Apr 15 05:21:29 +0000 2024,bhismaaa10,@yerijkt @PT_Transjakarta Naik 1H turun di MH Thamrin 3 Lalu masuk ke halte MH Thamrin Lanjut 1 turun di Bunsen Tinggal jalan ke PS,0,0,in
1.77974E+18,Mon Apr 15 05:19:51 +0000 2024,kuro_2013,"@skidipapap215 @PT_Transjakarta Okaay, terima kasih ya",0,0,in
1.77974E+18,Mon Apr 15 05:19:20 +0000 2024,bhismaaa10,@balegyrshinei @PT_Transjakarta 9C turun di GBK Lalu jalan kaki ke Fx,0,0,in
1.77974E+18,Mon Apr 15 05:19:02 +0000 2024,pu82436070,"@KapoldaJakarta @ramsezrr @adriansyahyasin Bisa belajar dari transjakarta, di daerahku sempat bentrok sama metromini.. tapi sekarang bisa lancar lancar aja",0,15,in
1.77974E+18,Mon Apr 15 05:18:45 +0000 2024,bhismaaa10,@hngklv @PT_Transjakarta Naik 8D dr joglo Turun di simpang arteri kebayoran lama  Lanjut Jak 11 dr pit stop RS Medika permata hijau Turun di St Kebayoran,0,0,in
1.77974E+18,Mon Apr 15 05:15:07 +0000 2024,fawardana21,@kuro_2013 @PT_Transjakarta Dari halimun bisa naik 4D/6M ke kuningan lalu nyambung L13E ke koridor 13,0,0,in
1.77974E+18,Mon Apr 15 05:14:03 +0000 2024,bhismaaa10,@petrichorxyw @PT_Transjakarta 1. Naik 6V dr ragunan Transit GBK  Lanjut 1 turun mangga besar   2. Naik 6A/6B transit Monas Lanjut 1 turun mangga besar,0,0,in
1.77974E+18,Mon Apr 15 05:13:12 +0000 2024,jerinjoyo,@PT_Transjakarta haii admin! mau tanya kalau dari st gondang dia ke plaza senayan bisa naik apa yaa?,0,0,in
1.77974E+18,Mon Apr 15 05:11:44 +0000 2024,petrichorxyw,"@PT_Transjakarta min, ada rute dari LA atau ragunan ke Halte Mangga Besar?",0,0,in
1.77974E+18,Mon Apr 15 05:11:07 +0000 2024,Yeneza,Posisi T11 menuju halte kemanggisan arah Tangerang sudah dimana ya? @PT_Transjakarta,0,0,in
1.77974E+18,Mon Apr 15 05:11:02 +0000 2024,percusive,@prettwycurrie Boleh kamu mau aku jemput pakai helikopter apa transjakarta?,0,0,in
1.77974E+18,Mon Apr 15 05:10:48 +0000 2024,zhendeshougoule,"@PT_Transjakarta Maaf nanya lagi, apakah 8D hari ini beroperasi normal?",0,0,in
1.77974E+18,Mon Apr 15 05:10:22 +0000 2024,kuro_2013,"@skidipapap215 @PT_Transjakarta Dari halimun kak, bukan ke halimun",0,0,in
1.77974E+18,Mon Apr 15 05:09:32 +0000 2024,26Ceicei,"@KrEileen18 Duh. Hahahaha. Mau icip, dong, Kak.  Biasanya, sih, kalau aku nge-gacha Sony gak pakai mikir dan mostly cocok. Nah, aku ini iseng lirik Samsung Galaxy Buds FE, nih.  Modus biar ekosistemnya Samsung aja ini, mah. Eh.",0,0,in
1.77974E+18,Mon Apr 15 04:59:09 +0000 2024,RafifFadhlurra4,@studygirlzz @PT_Transjakarta Langsung saja naik 2P/JAK.10B jurusan Senen/Cikini via Kramat Raya turun di Gambir 3,0,0,in
1.77974E+18,Mon Apr 15 04:57:17 +0000 2024,hngklv,"@PT_Transjakarta min klo dari joglo mau ke st kebayoran, turunnya di halte apa ya??",0,0,in
1.77974E+18,Mon Apr 15 04:55:58 +0000 2024,RafifFadhlurra4,@missamericccana @PT_Transjakarta Langsung saja naik KRL jurusan Nambo/Bogor turun di Manggarai,0,0,in
1.77974E+18,Mon Apr 15 04:54:38 +0000 2024,RafifFadhlurra4,@balegyrshinei @PT_Transjakarta Langsung saja naik 9C jurusan Bundaran Senayan turun di Gelora Bung Karno,0,0,in
1.77973E+18,Mon Apr 15 04:54:06 +0000 2024,sbinaanns,@PT_Transjakarta Min hari ini tj D21 st tanjung barat - lebak bulus operasi sampe jam berapa ya?,0,0,in
1.77973E+18,Mon Apr 15 04:52:38 +0000 2024,RafifFadhlurra4,@nayournes @PT_Transjakarta Silahkan naik Koridor 8 jurusan Lebak Bulus turun di Kebayoran lalu naik 13D jurusan Ragunan,0,0,in
1.77973E+18,Mon Apr 15 04:52:13 +0000 2024,renggapkrisna,@merrywulan Jadi inget handle grip transjakarta ğŸ˜…,0,0,in
1.77973E+18,Mon Apr 15 04:50:52 +0000 2024,nayournes,dari kedoya green garden ke ragunan rutenya gimana @PT_Transjakarta,0,1,in
1.77973E+18,Mon Apr 15 04:50:03 +0000 2024,casperholliee,@PT_Transjakarta min izin tanya dong. Dari RS. Mitra Keluarga Bekasi ke St. Manggarai rutenya bagaimana ya kalo mau naik Transjakarta? â˜ºâ˜º,0,0,in
1.77973E+18,Mon Apr 15 04:47:06 +0000 2024,LaylaDwiFirdaws,"@PT_Transjakarta Mau tanya dong Min. Kalo mau ke ragunan, dari HI ada yg langsung ke Ragunan kah? Gimana rutenya? Mohon arahan",0,0,in
1.77973E+18,Mon Apr 15 04:46:21 +0000 2024,mihranmubarak,"Hari ini ada halbil day di kantor bogor, naik transportasi umum jadi pilihan. Audience nya transjakarta sama krl ini beda ya, lebih spartan krl! ğŸ˜…",0,0,in
1.77973E+18,Mon Apr 15 04:39:09 +0000 2024,sangbinnie,"@YeyeSparkyu @allnhearts Udh ada, tp kan mksdnya takutnya dari stasiun jauh lagi kesannya. Naik transjakarta atau angkot sana gue ga tau juga wkwk",0,0,in
1.77973E+18,Mon Apr 15 04:38:23 +0000 2024,balegyrshinei,"@PT_Transjakarta min, klo dari pinang ranti ada ga yg langsung lewat fx sudirman?",0,0,in
1.77973E+18,Mon Apr 15 04:35:38 +0000 2024,burjo234950,"Min nany dr puribeta ke Kantor Kelurahan Cengkareng Timur alamat lengkap:Jl. Fajar Baru Utara No.16A, Cengkareng Tim., Kecamatan Cengkareng, Kota Jakarta Barat, Daerah Khusus Ibukota Jakarta 11730 naik koridor brp? @PT_Transjakarta @PT_Transjakarta",0,0,in
1.77973E+18,Mon Apr 15 04:34:09 +0000 2024,wolfloer,"@tanyakanrl haloo, wah jarang2 bgt ada yang make jakcard! kakk, jakcard ini bisa buat akses ke ragunan, monas, beberapa museum jakarta, krl, jaklingko, busway, mrt, tol. untuk parkir masih jarang bgt, untuk tap merchant juga masih jarang. untuk isi saldo bisa di tokoed atau jakonemobile",1,1,in
1.77973E+18,Mon Apr 15 04:31:31 +0000 2024,EunGi_Tammy,"@PT_Transjakarta min ini kasus gagal top up gimana? Udah 3 hari min masih aja belum direfund ğŸ˜­ğŸ˜­ğŸ˜­  Itu vendor bisa kerja kagak sih!??? Duit gue mayan buat jajan, tau gitu pas hari jumat gak gue pake buat topup di vmn1 halte tj juanda ğŸ˜­ğŸ˜­ğŸ˜­",0,0,in
1.77973E+18,Mon Apr 15 04:22:38 +0000 2024,ShouJueWangZhe,"@PT_Transjakarta @rayysrach Rute 1A kebanyakan gak mau berhenti di bus stop ""Jembatan Tiga 2"" Gak satu dua doang, banyak malah dan jarang mau berhenti di bus stop itu",0,0,in
1.77973E+18,Mon Apr 15 04:20:46 +0000 2024,ddoieyoungg,ANJINGGGHH GUE SEDIH BGT INI MASA NANGIS DI BUSWAY ELAH SAT,0,0,in
1.77973E+18,Mon Apr 15 04:19:59 +0000 2024,ddoieyoungg,Demi Allah taeyonh gue lagi di busway,0,0,in
1.77973E+18,Mon Apr 15 04:18:26 +0000 2024,piziezz,@PT_Transjakarta min koridor 11 kampung melayu ke pulo gebang beroperasi ga yah?,0,0,in
1.77972E+18,Mon Apr 15 04:14:02 +0000 2024,veronicaas2906,@PT_Transjakarta min cek DM,0,0,in
1.77972E+18,Mon Apr 15 04:06:00 +0000 2024,sukanumpuktugas,"@PT_Transjakarta dari mall kelapa gading ke kayu tinggi, cakung pakai rute yang mana min?",0,0,in
1.77972E+18,Mon Apr 15 04:00:05 +0000 2024,CutSherin,Yg suka naik transjakarta kalau dr halte senayan jcc itu bisa gak buat ke halte transjakarta duren tiga????,0,0,in
1.77972E+18,Mon Apr 15 03:59:06 +0000 2024,studygirlzz,"@PT_Transjakarta admin, mau tanya. kalau dari Stasiun Gondangdia mau ke Stasiun Gambir naik Transjakarta yang mana ya? terima kasih",0,0,in
1.77972E+18,Mon Apr 15 03:56:39 +0000 2024,mradiadi,@PT_Transjakarta @boocherrybun Min kenpa kok bis reguler di ganti sama bis orange jadi bayar 2 x dong udah gitu ga ada halte buat nunggu bis harusnya di bikin halte juga sama ga usah 2x,0,0,in
1.77972E+18,Mon Apr 15 03:52:13 +0000 2024,prianto85,"@PT_Transjakarta Nunggu D11 udah lebih dr 30 menit di halte tenda Cawang UKI, busnya kemana ???",0,0,in
1.77972E+18,Mon Apr 15 03:45:53 +0000 2024,mattmontegue,hai @PT_Transjakarta  bagaimana saya ke Gandaria City apabila berangkat dari halte pos pengumben? terima kasih,0,0,in
1.77972E+18,Mon Apr 15 03:44:39 +0000 2024,karasunmo,"@PT_Transjakarta min, kalo mau ke gandaria city dr pinang ranti rute apa ya? apa bisa naik 9c turun di simpang kuningan trs lanjut naik L13E turun di velbak?",0,1,in
1.77972E+18,Mon Apr 15 03:42:50 +0000 2024,argasmn,@PT_Transjakarta @AdhiWeecak Tolong pikirin yang pp transit min. Lumayan gede juga tambahannya kalo tiap hari pp.,0,0,in
1.77972E+18,Mon Apr 15 03:42:17 +0000 2024,SOPESNAKEU,"iya lagi baru ngeh wkwkw, ok mulai besok gua bakal nyebut transjakarta",0,1,in
1.77972E+18,Mon Apr 15 03:36:35 +0000 2024,meluncur,@aforann @PT_Transjakarta @jalur5_ @JaklingkoID_ @DKIJakarta Malah untung dptnya kartu emoney ğŸ˜„,0,0,in
1.77972E+18,Mon Apr 15 03:35:30 +0000 2024,dwinovaseptiani,@PT_Transjakarta busway rute 6D dr senayan warna busnya ap ya,0,0,in
1.77971E+18,Mon Apr 15 03:34:31 +0000 2024,DaniSplatKing,"@SotomiBekazi @slainthayer Gw heran kenapa KL dengan MRT, LRT, &amp; Monorail yg panjang tapi gk bisa bangun sistem BRT (itupun mereka cuma ada 1 rute, BRT Sunway ky Koridor 13 TJ tapi pendek).  Gk heran orang jiran sono pada iri sama sistem TransJakarta sini, pdhl mereka udh ada plan.  https://t.co/lNsv5iJW3o",0,0,in
1.77971E+18,Mon Apr 15 03:25:00 +0000 2024,26Ceicei,"@gupackhapur Swante, Gan. Aku malah wedi jadi jajan terus yang ada.",0,0,in
1.77971E+18,Mon Apr 15 03:22:44 +0000 2024,redkjhw,"@lIorenzoo aku biasanya naik mrt or Transjakarta terus turun random aja habis itu cari makanan terdekat XD. but you can go to blokm i'd recommend to try haka dimsum, em gelato, filosofi kopi or kamu bisa ke mall of Indonesia karna mau ada opening gokart tgl 18 hihi",0,0,in
1.77971E+18,Mon Apr 15 03:22:20 +0000 2024,fawardana21,"@FarelStar245890 @PT_Transjakarta Koridor 1 ada beberapa rute poros kak, seperti BlokM-Monas, BlokM-HI, Kota-HI, Kota-GBK dan beberapa rute poros lainnya",0,0,in
1.77971E+18,Mon Apr 15 03:20:16 +0000 2024,MutaharohN,Kuda renggong dirumah datuk  Naiknya busway membeli lauk  Daripada bengong bikin mata ngantuk  Ikutan giveaway @akulakuID @InfinixID aja yuk,0,0,in
1.77971E+18,Mon Apr 15 03:19:05 +0000 2024,26Ceicei,"Semoga sehat dan bahagia selalu, Pak @widodolestari dan Bu Widodo.",0,1,in
1.77971E+18,Mon Apr 15 03:17:58 +0000 2024,fawardana21,@littlesecretall @PT_Transjakarta Bisa naik 3F turun di GBK lalu naik 6M/9C turun di halte Widya Chandra lalu dilanjutkan dengan berjalan kaki ya kak,0,0,in
1.77971E+18,Mon Apr 15 03:15:59 +0000 2024,fawardana21,@kuro_2013 @PT_Transjakarta Naik L13E ke halte Kuningan lalu dilanjutkan dengan koridor 6 arah Galunggung turun di Halimun ya kak,0,0,in
1.77971E+18,Mon Apr 15 03:15:23 +0000 2024,cincaannnnn,"Sabtu kemarin dari siang ampe malam nyari kosan sama makda bermodal busway dan jalan kaki yang jauuuuuhhhh bgt. Sampe sekarang kaki nih masi kram bgt, tapi kosan yang cocok blm dapet juga",0,0,in
1.77971E+18,Mon Apr 15 03:13:13 +0000 2024,fawardana21,@ohayayi @PT_Transjakarta Bisa naik L13E turun di kuningan dilanjutkan 6A ke balaikota dari balaikota naik 2 ke Pasar Senen atau dari kuningan bisa naik 6H turun di Terminal senen dan dilanjutkan berjalan kaki,0,0,in
1.77971E+18,Mon Apr 15 03:12:10 +0000 2024,fawardana21,@rendyp040798 @PT_Transjakarta Yahh si EV-015 lagi pelakunya wkwk,0,0,in
1.77971E+18,Mon Apr 15 03:01:53 +0000 2024,BinaMargaDKI,"@gumpvie @PT_Transjakarta Halo Kak, mohon maaf atas ketidaknyamanannya ğŸ™  Terkait masalah tersebut, sudah kami laporkan ke pihak terkait untuk segera ditindaklanjuti, terimakasih atas laporannya ğŸ™",0,0,in
1.77971E+18,Mon Apr 15 02:56:37 +0000 2024,kuro_2013,@PT_Transjakarta kalo dari halimun ke simpang kuningan ada yg langsung gak min?,0,0,in
1.77971E+18,Mon Apr 15 02:56:16 +0000 2024,dazaiikyonn,"@PT_Transjakarta butuh aplikasi buat tracking TJ weh. wkwkwk nanya petugas TJ nya pada gatau arah. mana gue nanya di jawabnya kek ngasal"". kasian banget klo org baru pertama kali naik TJ gangerti apa"". nama halte pd ganti lagi. liat rute TJ di website satu satu sampe picekğŸ˜­",0,0,in
1.7797E+18,Mon Apr 15 02:53:07 +0000 2024,Asaryt,"Plaza menteng oh plaza menteng, all store kopi besok kenapa ada aja dramanya yaak, kalo ga tokonya panas karena di halte busway ato engga di street tp mesti buka rolling door yang perlu di gerek kek tarik tambang, hadehh.",0,0,in
1.7797E+18,Mon Apr 15 02:52:30 +0000 2024,rendyp040798,@PT_Transjakarta Ohh ini tersangkanya  Gasruk di Widya Chandra https://t.co/Pzs0Vidz5y,1,0,in
1.7797E+18,Mon Apr 15 02:51:37 +0000 2024,jr_boyke,"@innovacommunity Beberapa kali naik bus Transjakarta trabas nyiprat2 jg. Kl yg bawa mobil jendelanya nutup Â½, alhasil cipratannya masuk ke dalam mobil. Paling2 cuma planga plongo liat bus Transjakartanya. Kl motor, cuma ngedumel di dalam ati ""sopir asem!"". Mdh2an pejalan kaki ga sial.",0,1,in
1.7797E+18,Mon Apr 15 02:46:18 +0000 2024,ohayayi,"@PT_Transjakarta admin, kalo dari rute 13 ingin ke pasar senen transitnya dimana dan naik nomor berapa?",0,0,in
1.7797E+18,Mon Apr 15 02:44:52 +0000 2024,niaruu,@tamawepe ini akses pake krl / busway gampang ga ya?,0,0,in
1.7797E+18,Mon Apr 15 02:41:54 +0000 2024,mykyeomii,@PT_Transjakarta min dari stasiun krl rawa buaya ke puskesmas cengkareng ada tj ngga ya?,0,0,in
1.7797E+18,Mon Apr 15 02:41:38 +0000 2024,SilYllw,Aduh xh gua lupa lagiğŸ˜­gara2 gua td jalan dari stasiun rabuy ampe halte busway rabuy wkwkk,0,0,in
1.7797E+18,Mon Apr 15 02:41:36 +0000 2024,awanamantampan,"@PT_Transjakarta baik, terimakasih ya",0,0,in
1.7797E+18,Mon Apr 15 02:38:28 +0000 2024,wahjahwa,@RafifFadhlurra4 @PT_Transjakarta 1P ini LHR atau busway ya kak?,0,0,in
1.7797E+18,Mon Apr 15 02:33:51 +0000 2024,extracaramwel,Pagi Min @PT_Transjakarta tolong cekkkk DM yaa,0,0,in
1.7797E+18,Mon Apr 15 02:33:34 +0000 2024,26Ceicei,"@abelpramudya Aku kalau berangkat prefer Argo Sindoro, Mas. Wkwkwkwk. Kecuali nek wes kepepet banget udah gak ada kelas ekonomi premiuk atau eksekutif, baru bangku tegak.",0,0,in
1.7797E+18,Mon Apr 15 02:31:47 +0000 2024,RafifFadhlurra4,@DragaliaD @PT_Transjakarta Langsung saja naik 6V jurusan Gelora Bung Karno,0,0,in
1.7797E+18,Mon Apr 15 02:30:09 +0000 2024,RafifFadhlurra4,@wahjahwa @PT_Transjakarta Pilihan 2: Naik LRT jurusan Dukuh Atas turun di Dukuh Atas lalu naik 1P jurusan Senen,0,0,in
1.7797E+18,Mon Apr 15 02:30:06 +0000 2024,DragaliaD,"@PT_Transjakarta halo kak, kalau mau ke Japan Foundation dari buncit indah rutenya gimana ya?",0,0,in
1.7797E+18,Mon Apr 15 02:29:43 +0000 2024,RafifFadhlurra4,@wahjahwa @PT_Transjakarta Pilihan 1: Naik 7C jurusan Cawang Cililitan turun di Cawang Cililitan lalu naik 5D jurusan Ancol turun di Senen Central,0,0,in
1.7797E+18,Mon Apr 15 02:24:53 +0000 2024,wahjahwa,@PT_Transjakarta haiii admin mau tanya kalo dari Cibubur junction buat ke pasar Senen nanti dari halte mana dan koridor berapa ya?,0,1,in
1.7797E+18,Mon Apr 15 02:24:06 +0000 2024,26Ceicei,@RachmandikaL Wah. Jebule warga Semarang.,0,1,in
1.7797E+18,Mon Apr 15 02:16:12 +0000 2024,nimskyyy,Aku belum siap besok harus naik busway lagiğŸ˜­,0,0,in
1.77969E+18,Mon Apr 15 02:14:49 +0000 2024,clichereyn,Ngentot emg busway jam sgini,0,0,in
1.77969E+18,Mon Apr 15 02:12:44 +0000 2024,royalcaniin,@PT_Transjakarta Ini ban pecah ya? Td baru lewat,0,0,in
1.77969E+18,Mon Apr 15 02:12:14 +0000 2024,FarelStar245890,"@PT_Transjakarta min bisa ga sih kor 1 ada yang sampai glodok terus balik lagi ke blok m , nunggu ke arah blok m di glodok lama bgt , katanya mobilnya stuck di kawasn kota banyak org sama pedagang jadi gabisa lewat  .",0,0,in
1.77969E+18,Mon Apr 15 02:06:22 +0000 2024,teddybrockstar,@PT_Transjakarta naik dari halte apa ya min klo 6T? klo janglingko bisa naik jak.95 ga?,0,0,in
1.77969E+18,Mon Apr 15 02:05:45 +0000 2024,hisbulwa,BRT Semarang vibesnya rasan bus patas Jateng-Jatim tapi pake armada sekelas Transjakarta,0,0,in
1.77969E+18,Mon Apr 15 02:04:19 +0000 2024,Snorlaxlagi,Ges tanya dong kalau ke GI naik Transjakarta turun di halte Bundaran HI atau mana ya yg lebih dkt?!   Makasih,0,0,in
1.77969E+18,Mon Apr 15 02:03:19 +0000 2024,dwinovaseptiani,@PT_Transjakarta rute 9c apakah hari ini beroperasi,0,0,in
1.77969E+18,Mon Apr 15 01:59:05 +0000 2024,RafifFadhlurra4,@25ddmmy @PT_Transjakarta Pilihan 2: Naik LRT jurusan Dukuh Atas turun di Dukuh Atas lalu naik 1P jurusan Senen turun di IRTI Monas,0,0,in
1.77969E+18,Mon Apr 15 01:58:40 +0000 2024,RafifFadhlurra4,@25ddmmy @PT_Transjakarta Pilihan 1: Naik 7C jurusan Cawang Cililitan turun di Cawang Cililitan lalu naik 5C jurusan Juanda turun di Balaikota,0,0,in
1.77969E+18,Mon Apr 15 01:50:45 +0000 2024,CommuterLine,"@MegadwiG Selamat pagi kak. Kartu Multi Trip (KMT) dapat digunakan untuk transaksi pembayaran Commuter Line (lintas Jabodetabek dan Yogya-Solo), Commuter Line Bandara, parkir resmi stasiun, MRT Jakarta, LRT Jakarta, TransJakarta pada gate Halte BRT dan TransJogja. Tks.",0,0,in
1.77969E+18,Mon Apr 15 01:48:42 +0000 2024,MegadwiG,"@CommuterLine halo kak, mau tanya. Kartu comet bisa untuk naik busway ga?",0,0,in
1.77969E+18,Mon Apr 15 01:47:11 +0000 2024,ITSumatera_yai,@rwnjon *beda sama tarif dari Kebon Jeruk/Kp. Rambutan/Kalideres.    Selisihnya lumayan buat jajan wkwkkw. Kadang aku kalo mau ke Jakarta ketimbang fulltrip Primajasa lebih sering potong Karang Tengah sambung Transjakarta sebelum bisnya jadi low deck.,1,0,in
1.77969E+18,Mon Apr 15 01:44:39 +0000 2024,3vand_Dpasha,@adiiprnmo Itu halte busway kok jadi sarang tempat tempat tunawisma ya ğŸ¥¹ğŸ˜‚ skrng kotor lari trotoarnya gw kira kayak jakarta bisa joging bisa amblas ke got ğŸ«£ğŸ˜¥,0,0,in
1.77969E+18,Mon Apr 15 01:42:22 +0000 2024,therow_82,@txtdrjkt Kejar kejaran busway lagiii:),0,0,in
1.77969E+18,Mon Apr 15 01:38:50 +0000 2024,indisguiseside,ternyata masih ada orang yang jijikan naik kereta dan busway..... mungkin kebiasa naik mobil mevvah dari kecil jadi orang tuanya ga ngajarin pentingnya naik trnsportasi umum dari pemerintah yağŸ¥²,0,0,in
1.77969E+18,Mon Apr 15 01:36:44 +0000 2024,awanamantampan,@PT_Transjakarta min kalau dari halte kebayoran lama ke halte lebak bulus naik apa ya min?ğŸ™ğŸ» terimakasih,0,0,in
1.77968E+18,Mon Apr 15 01:33:44 +0000 2024,niusthepotato2,@kangnabooks @PT_Transjakarta iyaa tapi tadi busnya jadinya udah ga berenti disana karna busnya panjang bngt antriannyaa,0,0,in
1.77968E+18,Mon Apr 15 01:29:33 +0000 2024,Idzarr_AS,"@PT_Transjakarta anjlok min benerin jalannya , dah ke tahan nih 20 menit gak jelas arahannya ğŸ˜¬ - koridor 9 ( halte widya chandra ) https://t.co/LfvJmGx9n0",0,0,in
1.77968E+18,Mon Apr 15 01:28:48 +0000 2024,teddybrockstar,halo mimn rute dari stasiun pasar minggu ke peanut house bisa naik tj engga ya? @PT_Transjakarta,0,0,in
1.77968E+18,Mon Apr 15 01:27:54 +0000 2024,itsyummysushi,@akpkapiten apasih tije aja suka gajelas appny loading terus,0,0,in
1.77968E+18,Mon Apr 15 01:26:04 +0000 2024,kompascom,Transjakarta menambah jam operasional bus tingkat yang semula hanya melayani dari pukul 10.00 sampai 17.00 WIB menjadi 08.00 sampai 17.00 WIB. https://t.co/PHRzb0fO2N,0,2,in
1.77968E+18,Mon Apr 15 01:22:39 +0000 2024,niusthepotato2,"@kangnabooks @PT_Transjakarta kayaknya tadi busnya ada nabrak / ambles gt dehh :""))",0,0,in
1.77968E+18,Mon Apr 15 01:21:42 +0000 2024,oshimerchie,Kadang harus salah rute utk belajar rute baru /hari hari pengguna tije/,0,2,in
1.77968E+18,Mon Apr 15 01:19:05 +0000 2024,ndreyeko,@PT_Transjakarta min. Ini kenapa bus2 tije pada ga gerak pas mau masuk halte lipi ya? Seprtinya ada kecalakaan atau lain nya,0,0,in
1.77968E+18,Mon Apr 15 01:18:25 +0000 2024,rmol_id,Bus Transjakarta Disiapkan Angkut Pemudik Tiba Dini Hari https://t.co/v3MCygBtXs,0,0,in
1.77968E+18,Mon Apr 15 01:16:15 +0000 2024,lilalpacca,"@PT_Transjakarta min, tj 4H itu ada terus atau engga si? kok kayaknya sebelum lebaran jarang banget liat",0,0,in
1.77968E+18,Mon Apr 15 01:15:41 +0000 2024,kangnabooks,"@PT_Transjakarta pagi min, mau tanya, di halte widya chandra/gatsu lipi, ada apa ya? Ko ga jalan2? Dan antrian buswah juga udah lumayan panjang..",0,0,in
1.77968E+18,Mon Apr 15 01:11:33 +0000 2024,bucinsgwr,"@PT_Transjakarta kak tolong cek dm dong, makasih",0,0,in
1.77968E+18,Mon Apr 15 01:10:39 +0000 2024,26Ceicei,Kembali bekerja. Selamat pagi dari Halte Transjakarta Pulomas x Bus Stop Pulomas 1. https://t.co/KjgzZn7Drj,0,8,in
1.77968E+18,Mon Apr 15 01:10:07 +0000 2024,RafifFadhlurra4,@eoraaf @PT_Transjakarta Langsung saja naik 1P jurusan Senen,0,0,in
1.77968E+18,Mon Apr 15 01:06:56 +0000 2024,RafifFadhlurra4,@pjmjunie @PT_Transjakarta Pilihan 2: Naik 6A jurusan Balaikota turun di Duren Tiga lalu naik 5N jurusan Kampung Melayu turun di Gg H. Sholihin I,0,0,in
1.77968E+18,Mon Apr 15 01:06:26 +0000 2024,RafifFadhlurra4,@pjmjunie @PT_Transjakarta Pilihan 1: Naik Koridor 6 jurusan Galunggung turun di Kuningan lalu naik 6C jurusan Stasiun Tebet turun di Kota Kasablanka,0,0,in
1.77968E+18,Mon Apr 15 01:06:15 +0000 2024,papabannes,"Jalanan masih sepi ya~~   Tadi di TransJakarta juga masih bisa dapat tempat duduk, biasanya mpet2anâ€¦",0,3,in
1.77968E+18,Mon Apr 15 01:05:36 +0000 2024,RafifFadhlurra4,@YuniPanchali @PT_Transjakarta Silahkan naik Koridor 9 jurusan Pinang Ranti turun di Grogol Reformasi lalu naik 3H jurusan Damai,0,0,in
1.77968E+18,Mon Apr 15 01:00:38 +0000 2024,bundfs,ini siapaaa anj yg berakk di busway?? bau bgt taik anjjjjj,0,0,in
1.77968E+18,Mon Apr 15 00:58:32 +0000 2024,TMCPoldaMetro,07.57 Diimbau bagi pengendara untuk berhati-hati ketika melintas di Jl. MT. Haryono depan Halte Busway Pancoran arah Tegal Parang dikarenakan adanya lubang yang dapat membahayakan bagi pengendara. Saat ini sementara diberikan barrier oleh petugas . https://t.co/8WDPWScI9Y,3,7,in
1.77968E+18,Mon Apr 15 00:56:13 +0000 2024,YuniPanchali,@PT_Transjakarta ini kl mau ke indosiar gmn caranya? Kok busnya yang latumenten ga dteng2? Atau haltenya udh jadi?,0,0,in
1.77967E+18,Mon Apr 15 00:54:44 +0000 2024,tikahapr_,@PT_Transjakarta Jam 7:41 halte cempaka putih,0,0,in
1.77967E+18,Mon Apr 15 00:52:18 +0000 2024,jjakeikeu,min @PT_Transjakarta kalau mau ke halte sumber waras dari halte jembatan tiga gimana ya rutenya?,0,0,in
1.77967E+18,Mon Apr 15 00:51:47 +0000 2024,notmikudroid,"@Glibenclamid @PT_Transjakarta Baru pagi ini saya ada liat 4H lewat depan duren tiga, ini diidupin terus apa jadwal khusus doang ya?",0,0,in
1.77967E+18,Mon Apr 15 00:49:32 +0000 2024,jjakeikeu,min @PT_Transjakarta apakah halte grogol sudah beroperasi?,0,0,in
1.77967E+18,Mon Apr 15 00:46:02 +0000 2024,alhdn_,"Dear @PT_Transjakarta, ayo lah hidupin lagi aksesibilitas tracking bus yang bener2 reliabel. Armada, halte, dan layanan paling bagus se-Indonesia masa kalah sama trans-trans lain. Trans Banyumas aja bisa tracking ni. Kami tunggu secepatnya ya https://t.co/0527lAwg2s",0,2,in
1.77967E+18,Mon Apr 15 00:41:12 +0000 2024,tikahapr_,"Tolong teguran untuk driver koridor 2A pagi hari ini, karena cara mengemudinya sangat membuat penumpang tidak nyaman, sering kali  rem mendadak dan ugal2an @PT_Transjakarta https://t.co/VmyoqW2rti",0,2,in
1.77967E+18,Mon Apr 15 00:36:42 +0000 2024,deph8,@PT_Transjakarta Nomor bus TJ0645 ya kak... Terus ini kenapa jadi di potongnya begini deh astagaaa...ğŸ˜®â€ğŸ’¨ğŸ˜‘ğŸ¤” Masa total 11 rb...pdhal ini sebelumnya juga terakhir tap out aja kepotong 4x juga.... https://t.co/BzZgSmscFz,0,0,in
1.77967E+18,Mon Apr 15 00:36:06 +0000 2024,chichoclov,Bjir nahan ngakak di busway karna lagi manjatğŸ¤£ gue skip lagi karna gakuat bacanyağŸ¤£,0,0,in
