id,created_at,username,full_text,retweets,likes,lang,original_tweet,cleaned_full_text
1774224876871766525,Sat Mar 30 23:59:08 +0000 2024,Juice_Velarde22,@BrizzLocc USC BANG,0,0,in,@BrizzLocc USC BANG,USC BANG
1774224610470564054,Sat Mar 30 23:58:05 +0000 2024,Hottj69,@spartacus1433 @dickmonster1432 Swak na swak nyan pre,0,0,in,@spartacus1433 @dickmonster1432 Swak na swak nyan pre,Swak na swak nyan pre
1774224374725484646,Sat Mar 30 23:57:09 +0000 2024,penjiah,"@mhuseinali Ke kota yg minim transum tu malesnya gini, selain macet ya kemana"" susah kalo ga ada kendaraan. Terus karna abis tinggal 2 tahun di jkt gw bilang gini pasti diomelin ""alasan ga mau di rumab"" katanya. Padahal itu make sense, sbg pengguna jaklingko, tj, dan krl sejati. Transum itu-",0,1,in,"@mhuseinali Ke kota yg minim transum tu malesnya gini, selain macet ya kemana"" susah kalo ga ada kendaraan. Terus karna abis tinggal 2 tahun di jkt gw bilang gini pasti diomelin ""alasan ga mau di rumab"" katanya. Padahal itu make sense, sbg pengguna jaklingko, tj, dan krl sejati. Transum itu-","Ke kota yg minim transum tu malesnya gini , selain macet ya kemana "" susah kalo ga ada kendaraan . Terus karna abis tinggal 2 tahun di jkt gw bilang gini pasti diomelin "" alasan ga mau di rumab "" katanya . Padahal itu make sense , sbg pengguna jaklingko , tj , dan krl sejati . Transum itu -"
1774224191849668902,Sat Mar 30 23:56:25 +0000 2024,perapern,ebjir se tj lagi sama dis cuyğŸ‘ŠğŸ»ğŸ˜,0,0,in,ebjir se tj lagi sama dis cuyğŸ‘ŠğŸ»ğŸ˜,ebjir se tj lagi sama dis cuy
1774224151039160723,Sat Mar 30 23:56:15 +0000 2024,BrothaPenanzTJ,Juju ole 8/28 headahhh..,0,0,in,Juju ole 8/28 headahhh..,Juju ole 8 / 28 headahhh . .
1774224008164376896,Sat Mar 30 23:55:41 +0000 2024,Hottj69,@IsraelCubao Sarap nyan pre,0,1,tl,@IsraelCubao Sarap nyan pre,Sarap nyan pre
1774223045659357443,Sat Mar 30 23:51:52 +0000 2024,Aprils0nne,"Ndoshta vendos Meriton Ilnisa Heidi, mqs e kane tradhetuar ğŸ¤ª e mqs duan te faktorizojne dhe ciftin tj  #bbvipal",0,3,in,"Ndoshta vendos Meriton Ilnisa Heidi, mqs e kane tradhetuar ğŸ¤ª e mqs duan te faktorizojne dhe ciftin tj  #bbvipal","Ndoshta vendos Meriton Ilnisa Heidi , mqs e kane tradhetuar e mqs duan te faktorizojne dhe ciftin tj"
1774222269885403406,Sat Mar 30 23:48:47 +0000 2024,giumyy,"Dulu pernah kejebak di halte busway mayestik atau apa ya yg arah blok m dan layang, demi kuyub anjir wkwk",0,1,in,"Dulu pernah kejebak di halte busway mayestik atau apa ya yg arah blok m dan layang, demi kuyub anjir wkwk","Dulu pernah kejebak di halte busway mayestik atau apa ya yg arah blok m dan layang , demi kuyub anjir wkwk"
1774221751578206428,Sat Mar 30 23:46:43 +0000 2024,TJ_KMB,Cr7: Ba amÃ©ricain ba kangi mwana batu ba tikali na yuma azwi ğŸ¶ğŸ¶ ğŸ¶,0,3,in,Cr7: Ba amÃ©ricain ba kangi mwana batu ba tikali na yuma azwi ğŸ¶ğŸ¶ ğŸ¶,Cr7 : Ba amricain ba kangi mwana batu ba tikali na yuma azwi
1774221484074107125,Sat Mar 30 23:45:39 +0000 2024,Kongengkong,dari rumah di bekasi ke gbk naek krl sambung busway ganyampe 10 ribu. Jalan kaki dari stasiun ke halte + berdiri sempit2an di kereta dengan AC yg dingin lebih baik sih ketimbang elf yg kursinya keras dan geter mulu sepanjang jalan dari pala ampe titit gua...,0,0,in,dari rumah di bekasi ke gbk naek krl sambung busway ganyampe 10 ribu. Jalan kaki dari stasiun ke halte + berdiri sempit2an di kereta dengan AC yg dingin lebih baik sih ketimbang elf yg kursinya keras dan geter mulu sepanjang jalan dari pala ampe titit gua...,dari rumah di bekasi ke gbk naek krl sambung busway ganyampe 10 ribu . Jalan kaki dari stasiun ke halte + berdiri sempit2an di kereta dengan AC yg dingin lebih baik sih ketimbang elf yg kursinya keras dan geter mulu sepanjang jalan dari pala ampe titit gua . . .
1774219928910053428,Sat Mar 30 23:39:29 +0000 2024,TjHookers,@LexWu_13 @ListyoSigitP Saatnya yg curang akan panik,0,0,in,@LexWu_13 @ListyoSigitP Saatnya yg curang akan panik,Saatnya yg curang akan panik
1774218895744012357,Sat Mar 30 23:35:22 +0000 2024,TjHookers,"@PDemokrat Kembali ke pemilu tidak langsung, cukup para caleg yang bagi2 uang",0,0,in,"@PDemokrat Kembali ke pemilu tidak langsung, cukup para caleg yang bagi2 uang","Kembali ke pemilu tidak langsung , cukup para caleg yang bagi2 uang"
1774218678768173548,Sat Mar 30 23:34:31 +0000 2024,tshoemaker2423,UConn is tuffff,0,0,in,UConn is tuffff,UConn is tuffff
1774218438191563075,Sat Mar 30 23:33:33 +0000 2024,anotherspesies,"Masnya punya hobi yg berhubungan sama otomotif, jd ya ga jauh2 bahas motor, mobil, bus, tj, perkakas, ya gitu gitu lah wkwk Aqu sama masnya beda 5 thn. Seru sih jd dpt ilmu baru tp sayang kenapa cuma hts yhaaaa ğŸ«  https://t.co/8dWOdT1JIy",0,0,in,"Masnya punya hobi yg berhubungan sama otomotif, jd ya ga jauh2 bahas motor, mobil, bus, tj, perkakas, ya gitu gitu lah wkwk Aqu sama masnya beda 5 thn. Seru sih jd dpt ilmu baru tp sayang kenapa cuma hts yhaaaa ğŸ«  https://t.co/8dWOdT1JIy","Masnya punya hobi yg berhubungan sama otomotif , jd ya ga jauh2 bahas motor , mobil , bus , tj , perkakas , ya gitu gitu lah wkwk Aqu sama masnya beda 5 thn . Seru sih jd dpt ilmu baru tp sayang kenapa cuma hts yhaaaa"
1774217714116317659,Sat Mar 30 23:30:41 +0000 2024,pewarisansifat,huffft tj 6h KNP LAMA BANGEEETTT ğŸ˜”,0,0,in,huffft tj 6h KNP LAMA BANGEEETTT ğŸ˜”,huffft tj 6h KNP LAMA BANGEEETTT
1774216582702710823,Sat Mar 30 23:26:11 +0000 2024,pewarisansifat,mana sih tj 6h lama bgt,0,0,in,mana sih tj 6h lama bgt,mana sih tj 6h lama bgt
1774215801685565622,Sat Mar 30 23:23:05 +0000 2024,TejasP1692,@Khaqanameer_ @freemonotheist Alele .....India kyun pakistan hi bol deta ğŸ˜‚,0,1,in,@Khaqanameer_ @freemonotheist Alele .....India kyun pakistan hi bol deta ğŸ˜‚,Alele . . . . . India kyun pakistan hi bol deta
1774215354149220604,Sat Mar 30 23:21:18 +0000 2024,hppylouv,"@PT_Transjakarta baik min terima kasih, kalo rute sebaliknya min dari rsud koja ke halte transera sama saja kah?",0,0,in,"@PT_Transjakarta baik min terima kasih, kalo rute sebaliknya min dari rsud koja ke halte transera sama saja kah?","pt_transjakarta baik min terima kasih , kalo rute sebaliknya min dari rsud koja ke halte transera sama saja kah ?"
1774212749649977735,Sat Mar 30 23:10:57 +0000 2024,anselucia,"@PT_Transjakarta Halo min, bus 5E, 6C, dan 6D apakah beroperasi di hari MInggu? Terima kasih sebelumnya",0,0,in,"@PT_Transjakarta Halo min, bus 5E, 6C, dan 6D apakah beroperasi di hari MInggu? Terima kasih sebelumnya","pt_transjakarta Halo min , bus 5E , 6C , dan 6D apakah beroperasi di hari MInggu ? Terima kasih sebelumnya"
1774212349076914503,Sat Mar 30 23:09:21 +0000 2024,ILMeatGuy,@LaTulip_Mike Klingon ğŸ–– is walling TJ up.,0,0,in,@LaTulip_Mike Klingon ğŸ–– is walling TJ up.,Klingon is walling TJ up .
1774211692354011291,Sat Mar 30 23:06:45 +0000 2024,RafifFadhlurra4,@dithafsr @PT_Transjakarta Silahkan naik T11 jurusan Petamburan turun di Petamburan lalu naik Koridor 9 jurusan Pluit turun di Tanjung Duren lalu naik Koridor 8 jurusan Lebak Bulus turun di Kebayoran lalu jalan ke SMAN 29 Jakarta disitu naik JAK.93 jurusan Ratu Prabu turun di Gandaria City,0,0,in,@dithafsr @PT_Transjakarta Silahkan naik T11 jurusan Petamburan turun di Petamburan lalu naik Koridor 9 jurusan Pluit turun di Tanjung Duren lalu naik Koridor 8 jurusan Lebak Bulus turun di Kebayoran lalu jalan ke SMAN 29 Jakarta disitu naik JAK.93 jurusan Ratu Prabu turun di Gandaria City,pt_transjakarta Silahkan naik T11 jurusan Petamburan turun di Petamburan lalu naik Koridor 9 jurusan Pluit turun di Tanjung Duren lalu naik Koridor 8 jurusan Lebak Bulus turun di Kebayoran lalu jalan ke SMAN 29 Jakarta disitu naik JAK . 93 jurusan Ratu Prabu turun di Gandaria City
1774211242737160333,Sat Mar 30 23:04:58 +0000 2024,hppylouv,"@PT_Transjakarta min, rute dari halte transera ke rsud koja naik bus apa aja ya?",0,0,in,"@PT_Transjakarta min, rute dari halte transera ke rsud koja naik bus apa aja ya?","pt_transjakarta min , rute dari halte transera ke rsud koja naik bus apa aja ya ?"
1774208701714587703,Sat Mar 30 22:54:52 +0000 2024,pinkynbl,"@PT_Transjakarta @PT_Transjakarta maaf min kalo boleh tau, kenapa tidak melayani yaa??ğŸ™ğŸ™",0,0,in,"@PT_Transjakarta @PT_Transjakarta maaf min kalo boleh tau, kenapa tidak melayani yaa??ğŸ™ğŸ™","pt_transjakarta pt_transjakarta maaf min kalo boleh tau , kenapa tidak melayani yaa ? ?"
1774208372142686484,Sat Mar 30 22:53:33 +0000 2024,abbas_tijjanii,@user9096310262 Haram,0,0,in,@user9096310262 Haram,Haram
1774208265641152830,Sat Mar 30 22:53:08 +0000 2024,reretamtam,"@mhuseinali Ada yg bangga cenah soalnya bandung pergerakannya lambat, kalah bangga ğŸ˜‚ moal bisa org bdg paboro2 naek krl, busway",0,0,in,"@mhuseinali Ada yg bangga cenah soalnya bandung pergerakannya lambat, kalah bangga ğŸ˜‚ moal bisa org bdg paboro2 naek krl, busway","Ada yg bangga cenah soalnya bandung pergerakannya lambat , kalah bangga moal bisa org bdg paboro2 naek krl , busway"
1774207491729162724,Sat Mar 30 22:50:03 +0000 2024,pinkynbl,"@didi22_cl @PT_Transjakarta Iyaa kemaren naek yg itu aku, tapi klo minggu beroperasi gk ya dia?  @PT_Transjakarta",0,0,in,"@didi22_cl @PT_Transjakarta Iyaa kemaren naek yg itu aku, tapi klo minggu beroperasi gk ya dia?  @PT_Transjakarta","pt_transjakarta Iyaa kemaren naek yg itu aku , tapi klo minggu beroperasi gk ya dia ? pt_transjakarta"
1774207458644561965,Sat Mar 30 22:49:55 +0000 2024,chocohazelnudd,wkwk random bgt anjir tiba2 keinget perjuangan diri ini yg setiap pagi harus naik tangga ke koridor 13 demi menedapatkan tj yg cepet dan tepat waktuğŸ˜­ğŸ‘ğŸ»,0,0,in,wkwk random bgt anjir tiba2 keinget perjuangan diri ini yg setiap pagi harus naik tangga ke koridor 13 demi menedapatkan tj yg cepet dan tepat waktuğŸ˜­ğŸ‘ğŸ»,wkwk random bgt anjir tiba2 keinget perjuangan diri ini yg setiap pagi harus naik tangga ke koridor 13 demi menedapatkan tj yg cepet dan tepat waktu
1774205964465635344,Sat Mar 30 22:43:59 +0000 2024,pinkynbl,"@PT_Transjakarta Oalah, full tidak melayanin ya min hari ini? Jadi gak ada jam operasi?",0,0,in,"@PT_Transjakarta Oalah, full tidak melayanin ya min hari ini? Jadi gak ada jam operasi?","pt_transjakarta Oalah , full tidak melayanin ya min hari ini ? Jadi gak ada jam operasi ?"
1774205561594355852,Sat Mar 30 22:42:23 +0000 2024,TejasP1692,@WasimAkramTyagi @JaipurDialogues @Sanjay_Dixit Acha ji toh kushiya manav ramjan me gangster 72hurrified hua he.....ğŸ˜‚ğŸ‘‹,0,0,in,@WasimAkramTyagi @JaipurDialogues @Sanjay_Dixit Acha ji toh kushiya manav ramjan me gangster 72hurrified hua he.....ğŸ˜‚ğŸ‘‹,Acha ji toh kushiya manav ramjan me gangster 72hurrified hua he . . . . .
1774204751368122553,Sat Mar 30 22:39:10 +0000 2024,pinkynbl,@PT_Transjakarta Klo B22 nggak beroperasi min? Atau tetep ada?,0,1,in,@PT_Transjakarta Klo B22 nggak beroperasi min? Atau tetep ada?,pt_transjakarta Klo B22 nggak beroperasi min ? Atau tetep ada ?
1774202062219403739,Sat Mar 30 22:28:29 +0000 2024,SuciSeptania,"@mhuseinali Bener bgt. Kurang bgt tranportasi umum meanwhile di sini kebantu bgt ada krl, tj, mrt, lrt, jaklingko",0,0,in,"@mhuseinali Bener bgt. Kurang bgt tranportasi umum meanwhile di sini kebantu bgt ada krl, tj, mrt, lrt, jaklingko","Bener bgt . Kurang bgt tranportasi umum meanwhile di sini kebantu bgt ada krl , tj , mrt , lrt , jaklingko"
1774200864057794716,Sat Mar 30 22:23:43 +0000 2024,PolsekPetir_TJ,Caption di IG bisa disadur sbb:  Bagi pemudik menuju sumatera silahkan disimak panduan mudik berikut ini  Terdapat 3 pelabuhan yang akan melayani kendaraan dan penumpang periode angkutan lebaran dari tgl 5 sd 16 April 2024  https://t.co/bc4ApMCoyL https://t.co/JJUGwM8o2b,0,1,in,Caption di IG bisa disadur sbb:  Bagi pemudik menuju sumatera silahkan disimak panduan mudik berikut ini  Terdapat 3 pelabuhan yang akan melayani kendaraan dan penumpang periode angkutan lebaran dari tgl 5 sd 16 April 2024  https://t.co/bc4ApMCoyL https://t.co/JJUGwM8o2b,Caption di IG bisa disadur sbb : Bagi pemudik menuju sumatera silahkan disimak panduan mudik berikut ini Terdapat 3 pelabuhan yang akan melayani kendaraan dan penumpang periode angkutan lebaran dari tgl 5 sd 16 April 2024
1774200765139329488,Sat Mar 30 22:23:20 +0000 2024,journtales,"alasan gue ga milih magang di bdg = minim transum. soalnya ga dikasih motor, kalo hari2 gojek boncos jir.  kenapa ga damri? jujur damrinya enak tapi ga punya jalur khusus kyk transjakarta, jdi ttp kena macet. sgt ngabisin waktu sampe berjam-jam. Buah Batu-BEC bisa samp 2 jam lbh",0,0,in,"alasan gue ga milih magang di bdg = minim transum. soalnya ga dikasih motor, kalo hari2 gojek boncos jir.  kenapa ga damri? jujur damrinya enak tapi ga punya jalur khusus kyk transjakarta, jdi ttp kena macet. sgt ngabisin waktu sampe berjam-jam. Buah Batu-BEC bisa samp 2 jam lbh","alasan gue ga milih magang di bdg = minim transum . soalnya ga dikasih motor , kalo hari2 gojek boncos jir . kenapa ga damri ? jujur damrinya enak tapi ga punya jalur khusus kyk transjakarta , jdi ttp kena macet . sgt ngabisin waktu sampe berjam - jam . Buah Batu - BEC bisa samp 2 jam lbh"
1774200459903091165,Sat Mar 30 22:22:07 +0000 2024,pinkynbl,"@PT_Transjakarta hallo min, izin bertanya untuk B22 Summarecon - Cawang apakah beroperasi dengan rute seperti biasanya? Atau ada HBKB?ğŸ™",0,0,in,"@PT_Transjakarta hallo min, izin bertanya untuk B22 Summarecon - Cawang apakah beroperasi dengan rute seperti biasanya? Atau ada HBKB?ğŸ™","pt_transjakarta hallo min , izin bertanya untuk B22 Summarecon - Cawang apakah beroperasi dengan rute seperti biasanya ? Atau ada HBKB ?"
1774198231036989611,Sat Mar 30 22:13:15 +0000 2024,JFarquhard57998,@PutridLobster TJ/Minkah,0,1,in,@PutridLobster TJ/Minkah,TJ / Minkah
1774198149617451492,Sat Mar 30 22:12:56 +0000 2024,IndraTanjungg,"Hahaha lucu dan gemes liat bocil nangis ketakutan wkwk,pipi nya itu Lo ğŸ¤ğŸ¤ğŸ˜‚ https://t.co/zhNyR92DyU",0,0,in,"Hahaha lucu dan gemes liat bocil nangis ketakutan wkwk,pipi nya itu Lo ğŸ¤ğŸ¤ğŸ˜‚ https://t.co/zhNyR92DyU","Hahaha lucu dan gemes liat bocil nangis ketakutan wkwk , pipi nya itu Lo"
1774197900635189664,Sat Mar 30 22:11:57 +0000 2024,initije,@N_ShaniJKT48 @JTrisha_JKT48 Hayyoolooo Trisha,0,0,in,@N_ShaniJKT48 @JTrisha_JKT48 Hayyoolooo Trisha,Hayyoolooo Trisha
1774196778314989946,Sat Mar 30 22:07:29 +0000 2024,dithafsr,Halo min @PT_Transjakarta mohon informasinya saya harus transit dan naik rute mana ya jika mau ke Gandaria City? Saya naik T11 dari Tangerang. Terima kasih,0,0,in,Halo min @PT_Transjakarta mohon informasinya saya harus transit dan naik rute mana ya jika mau ke Gandaria City? Saya naik T11 dari Tangerang. Terima kasih,Halo min pt_transjakarta mohon informasinya saya harus transit dan naik rute mana ya jika mau ke Gandaria City ? Saya naik T11 dari Tangerang . Terima kasih
1774196493001634034,Sat Mar 30 22:06:21 +0000 2024,rantpunyasa,@auvroras Alah katanya mau naik tj,0,0,in,@auvroras Alah katanya mau naik tj,Alah katanya mau naik tj
1774195169803530379,Sat Mar 30 22:01:06 +0000 2024,IndraTanjungg,"Liat tradisi satbusun Maruko lucuÂ² ya,barudakÂ² japan nya gemesÂ² wkwkw ğŸ˜‚ğŸ¤",0,1,in,"Liat tradisi satbusun Maruko lucuÂ² ya,barudakÂ² japan nya gemesÂ² wkwkw ğŸ˜‚ğŸ¤","Liat tradisi satbusun Maruko lucu ya , barudak japan nya gemes wkwkw"
1774195047317336198,Sat Mar 30 22:00:36 +0000 2024,littlemarkie_,"Tapi bener sih, gue yg gabisa bawa mobil beneran terbantu banget sama transum di Jakarta, terutama Transjakarta dan MRT. Riil berguna dan murah! Terus nyaman juga kok asal mau jalan kaki dikit wkwkwkwk",0,0,in,"Tapi bener sih, gue yg gabisa bawa mobil beneran terbantu banget sama transum di Jakarta, terutama Transjakarta dan MRT. Riil berguna dan murah! Terus nyaman juga kok asal mau jalan kaki dikit wkwkwkwk","Tapi bener sih , gue yg gabisa bawa mobil beneran terbantu banget sama transum di Jakarta , terutama Transjakarta dan MRT . Riil berguna dan murah ! Terus nyaman juga kok asal mau jalan kaki dikit wkwkwkwk"
1774195038785880350,Sat Mar 30 22:00:34 +0000 2024,tjvol49,@JakeCrain_ Bama 86 Tigers. 74,0,0,in,@JakeCrain_ Bama 86 Tigers. 74,Bama 86 Tigers . 74
1774194984855683465,Sat Mar 30 22:00:21 +0000 2024,ebisoya,"Selamat pagi min @PT_Transjakarta tolong dong arahin pramudinya kalo belum waktunya jalan jangan alangin bis di belakang, ini nunggu sampe 5 menit loh di Halte kali grogol koridor 9 https://t.co/Sk6yBvtsYO",0,2,in,"Selamat pagi min @PT_Transjakarta tolong dong arahin pramudinya kalo belum waktunya jalan jangan alangin bis di belakang, ini nunggu sampe 5 menit loh di Halte kali grogol koridor 9 https://t.co/Sk6yBvtsYO","Selamat pagi min pt_transjakarta tolong dong arahin pramudinya kalo belum waktunya jalan jangan alangin bis di belakang , ini nunggu sampe 5 menit loh di Halte kali grogol koridor 9"
1774194383786492314,Sat Mar 30 21:57:58 +0000 2024,thomjoel,@ManUtd F*ck Ten hag,0,0,nl,@ManUtd F*ck Ten hag,F * ck Ten hag
1774192669193113718,Sat Mar 30 21:51:09 +0000 2024,Bbem37,@KunataELuizit @thaatbleo @Behindyouu_ @Behindyouu_  nk zhgenjen kurre  ajo tj na paska ber blloke ğŸ˜…ğŸ˜‚ğŸ˜‚,0,0,in,@KunataELuizit @thaatbleo @Behindyouu_ @Behindyouu_  nk zhgenjen kurre  ajo tj na paska ber blloke ğŸ˜…ğŸ˜‚ğŸ˜‚,nk zhgenjen kurre ajo tj na paska ber blloke
1774192217600504104,Sat Mar 30 21:49:22 +0000 2024,Prev25812476,@JoinEveryworld @hackernoon @TJ_Kawa Fade keh $PARAM $EVERY $BUBBLE $RICY,0,0,in,@JoinEveryworld @hackernoon @TJ_Kawa Fade keh $PARAM $EVERY $BUBBLE $RICY,Fade keh $ PARAM $ EVERY $ BUBBLE $ RICY
1774191158802980883,Sat Mar 30 21:45:09 +0000 2024,Adimassa7,FORZAAA MILAN !!! https://t.co/kj8xoKpohc,0,0,es,FORZAAA MILAN !!! https://t.co/kj8xoKpohc,FORZAAA MILAN ! ! !
1774191149508665533,Sat Mar 30 21:45:07 +0000 2024,gvshen,@PT_Transjakarta Terimakasih min,0,0,in,@PT_Transjakarta Terimakasih min,pt_transjakarta Terimakasih min
1774190804765991192,Sat Mar 30 21:43:45 +0000 2024,Tj_b1214,LSU vs Iowa will be cinema,0,0,in,LSU vs Iowa will be cinema,LSU vs Iowa will be cinema
1774190631662801222,Sat Mar 30 21:43:04 +0000 2024,Tj5768681Joseph,@Bravejonathano2 Kembabazi,0,0,in,@Bravejonathano2 Kembabazi,Kembabazi
1774189669070373171,Sat Mar 30 21:39:14 +0000 2024,RafifFadhlurra4,@osakamaid @PT_Transjakarta Pilihan 2: Naik MRT jurusan Bundaran HI turun di Bundaran HI lalu naik 1P jurusan Senen turun di Sarinah lalu jalan ke Agus Salim disitu naik JAK.10A jurusan Cikini via Salemba Raya turun di Taman Ismail Marzuki,0,0,in,@osakamaid @PT_Transjakarta Pilihan 2: Naik MRT jurusan Bundaran HI turun di Bundaran HI lalu naik 1P jurusan Senen turun di Sarinah lalu jalan ke Agus Salim disitu naik JAK.10A jurusan Cikini via Salemba Raya turun di Taman Ismail Marzuki,pt_transjakarta Pilihan 2 : Naik MRT jurusan Bundaran HI turun di Bundaran HI lalu naik 1P jurusan Senen turun di Sarinah lalu jalan ke Agus Salim disitu naik JAK . 10A jurusan Cikini via Salemba Raya turun di Taman Ismail Marzuki
1774189371539001781,Sat Mar 30 21:38:03 +0000 2024,RafifFadhlurra4,@osakamaid @PT_Transjakarta Pilihan 1: Naik Koridor 8 jurusan Pasar Baru turun di Juanda lalu naik Koridor 2 jurusan Pulo Gadung turun di Pasar Senen lalu naik 6H jurusan Lebak Bulus turun di Taman Ismail Marzuki,0,0,in,@osakamaid @PT_Transjakarta Pilihan 1: Naik Koridor 8 jurusan Pasar Baru turun di Juanda lalu naik Koridor 2 jurusan Pulo Gadung turun di Pasar Senen lalu naik 6H jurusan Lebak Bulus turun di Taman Ismail Marzuki,pt_transjakarta Pilihan 1 : Naik Koridor 8 jurusan Pasar Baru turun di Juanda lalu naik Koridor 2 jurusan Pulo Gadung turun di Pasar Senen lalu naik 6H jurusan Lebak Bulus turun di Taman Ismail Marzuki
1774189055716082049,Sat Mar 30 21:36:48 +0000 2024,peynir_tj,@jiminmylove95_ Bu hangi grubun uyesi,0,0,in,@jiminmylove95_ Bu hangi grubun uyesi,Bu hangi grubun uyesi
1774189024972050702,Sat Mar 30 21:36:41 +0000 2024,RafifFadhlurra4,@Rere50121405 @PT_Transjakarta Silahkan naik Koridor 13 jurusan Tegal Mampang turun di CSW lalu naik 6M jurusan Stasiun Manggarai turun di Pasar Rumput lalu naik Koridor 4 jurusan Pulo Gadung turun di Pemuda Rawamangun lalu naik LRT jurusan Pegangsaan Dua,0,0,in,@Rere50121405 @PT_Transjakarta Silahkan naik Koridor 13 jurusan Tegal Mampang turun di CSW lalu naik 6M jurusan Stasiun Manggarai turun di Pasar Rumput lalu naik Koridor 4 jurusan Pulo Gadung turun di Pemuda Rawamangun lalu naik LRT jurusan Pegangsaan Dua,pt_transjakarta Silahkan naik Koridor 13 jurusan Tegal Mampang turun di CSW lalu naik 6M jurusan Stasiun Manggarai turun di Pasar Rumput lalu naik Koridor 4 jurusan Pulo Gadung turun di Pemuda Rawamangun lalu naik LRT jurusan Pegangsaan Dua
1774188130238861418,Sat Mar 30 21:33:07 +0000 2024,holaholathere11,first time ke hi tengah malem (jam 11) naek Tj... seru banget tp CAPEEEEE https://t.co/KTtLeETgm5,0,0,in,first time ke hi tengah malem (jam 11) naek Tj... seru banget tp CAPEEEEE https://t.co/KTtLeETgm5,first time ke hi tengah malem ( jam 11 ) naek Tj . . . seru banget tp CAPEEEEE
1774187889754259570,Sat Mar 30 21:32:10 +0000 2024,ranacuy,Trauma nonton konser di Bandung karena jarak dr venue ke hotel cuma 2 kilo-an tapi sampe 2 jam pesen gojekğŸ¤£ di Jakarta nonton konser jalan dikit udh ketemu halte busway,0,1,in,Trauma nonton konser di Bandung karena jarak dr venue ke hotel cuma 2 kilo-an tapi sampe 2 jam pesen gojekğŸ¤£ di Jakarta nonton konser jalan dikit udh ketemu halte busway,Trauma nonton konser di Bandung karena jarak dr venue ke hotel cuma 2 kilo - an tapi sampe 2 jam pesen gojek di Jakarta nonton konser jalan dikit udh ketemu halte busway
1774187658111025200,Sat Mar 30 21:31:15 +0000 2024,7dsnay3,@ikramoevsky Nti ta curtis jones tj jiik m9wd,0,2,in,@ikramoevsky Nti ta curtis jones tj jiik m9wd,Nti ta curtis jones tj jiik m9wd
1774187344062775711,Sat Mar 30 21:30:00 +0000 2024,buckIeydiaz,42. Cyrus &amp; TJ (Andi Mack) https://t.co/RGnefqTB2Y,50,683,ht,42. Cyrus &amp; TJ (Andi Mack) https://t.co/RGnefqTB2Y,42 . Cyrus & TJ ( Andi Mack )
1774187127800311905,Sat Mar 30 21:29:08 +0000 2024,pinepi__,"Skrg udh 2 th kerja di jkt setelah pernah kuliah di bdg. Juga ketawağŸ˜… Dulu ga pernah bisa jalan2 di bdg kalo engga pake motor. Skrg kalo keliling jkt cuma modal kaki sama saldo emoney doang. Kemana2 ada tj sama krl, gampang lah",0,2,in,"Skrg udh 2 th kerja di jkt setelah pernah kuliah di bdg. Juga ketawağŸ˜… Dulu ga pernah bisa jalan2 di bdg kalo engga pake motor. Skrg kalo keliling jkt cuma modal kaki sama saldo emoney doang. Kemana2 ada tj sama krl, gampang lah","Skrg udh 2 th kerja di jkt setelah pernah kuliah di bdg . Juga ketawa Dulu ga pernah bisa jalan2 di bdg kalo engga pake motor . Skrg kalo keliling jkt cuma modal kaki sama saldo emoney doang . Kemana2 ada tj sama krl , gampang lah"
1774185249192435818,Sat Mar 30 21:21:40 +0000 2024,gloria87hippo,"@txtdrjkt sebenernya udah sering ditwit sama akun TJ, kalau banyak bus arah Tn. Abang dialihkan rutenya gegara kepadatan lalin. lha kok masih aja pada uju nyali ke sono ğŸ˜‚ğŸ˜‚ğŸ˜‚",0,0,in,"@txtdrjkt sebenernya udah sering ditwit sama akun TJ, kalau banyak bus arah Tn. Abang dialihkan rutenya gegara kepadatan lalin. lha kok masih aja pada uju nyali ke sono ğŸ˜‚ğŸ˜‚ğŸ˜‚","sebenernya udah sering ditwit sama akun TJ , kalau banyak bus arah Tn . Abang dialihkan rutenya gegara kepadatan lalin . lha kok masih aja pada uju nyali ke sono"
1774185141424083255,Sat Mar 30 21:21:15 +0000 2024,IndraTanjungg,"@romesfff @jesslynnn_ca Malas ahh gada hastag buat balas pm nya,ntar gua sebar ke tiktok juga nih pm nya wwk",0,0,in,"@romesfff @jesslynnn_ca Malas ahh gada hastag buat balas pm nya,ntar gua sebar ke tiktok juga nih pm nya wwk","Malas ahh gada hastag buat balas pm nya , ntar gua sebar ke tiktok juga nih pm nya wwk"
1774184540355129426,Sat Mar 30 21:18:51 +0000 2024,RafifFadhlurra4,@PutriPu10199999 @PT_Transjakarta Silahkan naik JAK.41 jurusan Kampung Melayu turun di Stasiun Jatinegara lalu naik KRL jurusan Cikarang turun di Bekasi Timur lalu naik Trans Patriot jurusan Harapan Indah turun di Bulak Kapal,0,0,in,@PutriPu10199999 @PT_Transjakarta Silahkan naik JAK.41 jurusan Kampung Melayu turun di Stasiun Jatinegara lalu naik KRL jurusan Cikarang turun di Bekasi Timur lalu naik Trans Patriot jurusan Harapan Indah turun di Bulak Kapal,pt_transjakarta Silahkan naik JAK . 41 jurusan Kampung Melayu turun di Stasiun Jatinegara lalu naik KRL jurusan Cikarang turun di Bekasi Timur lalu naik Trans Patriot jurusan Harapan Indah turun di Bulak Kapal
1774184291486085448,Sat Mar 30 21:17:52 +0000 2024,RafifFadhlurra4,@PutriPu10199999 @PT_Transjakarta Silahkan naik JAK.100 jurusan Rusun Pinus Elok turun di Stasiun Cakung lalu naik KRL jurusan Cikarang turun di Bekasi Timur lalu naik Trans Patriot jurusan Harapan Indah turun di Bulak Kapal,0,0,in,@PutriPu10199999 @PT_Transjakarta Silahkan naik JAK.100 jurusan Rusun Pinus Elok turun di Stasiun Cakung lalu naik KRL jurusan Cikarang turun di Bekasi Timur lalu naik Trans Patriot jurusan Harapan Indah turun di Bulak Kapal,pt_transjakarta Silahkan naik JAK . 100 jurusan Rusun Pinus Elok turun di Stasiun Cakung lalu naik KRL jurusan Cikarang turun di Bekasi Timur lalu naik Trans Patriot jurusan Harapan Indah turun di Bulak Kapal
1774183713594859940,Sat Mar 30 21:15:34 +0000 2024,ozaenzenzen,"issue di jalur ini - jalur ini transumnya cuma ke cover tj, itupun juga ngga full semua  - jalur ini banyak perkantoran - udh overload kendraaan via tol atau jalur biasa - proyek jalan &amp; galian ga kelar-kelar - kalo macet?â˜ ï¸ eh iya macet mulu ya di sini",0,0,in,"issue di jalur ini - jalur ini transumnya cuma ke cover tj, itupun juga ngga full semua  - jalur ini banyak perkantoran - udh overload kendraaan via tol atau jalur biasa - proyek jalan &amp; galian ga kelar-kelar - kalo macet?â˜ ï¸ eh iya macet mulu ya di sini","issue di jalur ini - jalur ini transumnya cuma ke cover tj , itupun juga ngga full semua - jalur ini banyak perkantoran - udh overload kendraaan via tol atau jalur biasa - proyek jalan & galian ga kelar - kelar - kalo macet ? eh iya macet mulu ya di sini"
1774183579406459096,Sat Mar 30 21:15:02 +0000 2024,RafifFadhlurra4,@Indomine__ @PT_Transjakarta Pilihan 3: Naik 10H jurusan Tanjung Priok turun di Jembatan Merah lalu naik Koridor 12 jurusan Pluit,0,0,in,@Indomine__ @PT_Transjakarta Pilihan 3: Naik 10H jurusan Tanjung Priok turun di Jembatan Merah lalu naik Koridor 12 jurusan Pluit,pt_transjakarta Pilihan 3 : Naik 10H jurusan Tanjung Priok turun di Jembatan Merah lalu naik Koridor 12 jurusan Pluit
1774183481876283809,Sat Mar 30 21:14:39 +0000 2024,RafifFadhlurra4,@Indomine__ @PT_Transjakarta Pilihan 2: Naik 3F jurusan Kalideres turun di Gelora Bung Karno lalu naik Koridor 9 jurusan Pluit,0,0,in,@Indomine__ @PT_Transjakarta Pilihan 2: Naik 3F jurusan Kalideres turun di Gelora Bung Karno lalu naik Koridor 9 jurusan Pluit,pt_transjakarta Pilihan 2 : Naik 3F jurusan Kalideres turun di Gelora Bung Karno lalu naik Koridor 9 jurusan Pluit
1774183344257052990,Sat Mar 30 21:14:06 +0000 2024,RafifFadhlurra4,@Indomine__ @PT_Transjakarta Pilihan 1: Naik Koridor 1 jurusan Kota turun di Monumen Nasional lalu naik 1A jurusan Pantai Maju turun di Pluit Permai,0,0,in,@Indomine__ @PT_Transjakarta Pilihan 1: Naik Koridor 1 jurusan Kota turun di Monumen Nasional lalu naik 1A jurusan Pantai Maju turun di Pluit Permai,pt_transjakarta Pilihan 1 : Naik Koridor 1 jurusan Kota turun di Monumen Nasional lalu naik 1A jurusan Pantai Maju turun di Pluit Permai
1774183105693376726,Sat Mar 30 21:13:09 +0000 2024,IndraTanjungg,@mxkermdhn_ Alhamdulillah,0,0,in,@mxkermdhn_ Alhamdulillah,Alhamdulillah
1774183033295528162,Sat Mar 30 21:12:52 +0000 2024,RafifFadhlurra4,@krysoojugn @PT_Transjakarta Silahkan naik S21 jurusan Kejaksaan Agung turun di Kejaksaan Agung lalu naik Koridor 1 jurusan Kota turun di Harmoni,0,0,in,@krysoojugn @PT_Transjakarta Silahkan naik S21 jurusan Kejaksaan Agung turun di Kejaksaan Agung lalu naik Koridor 1 jurusan Kota turun di Harmoni,pt_transjakarta Silahkan naik S21 jurusan Kejaksaan Agung turun di Kejaksaan Agung lalu naik Koridor 1 jurusan Kota turun di Harmoni
1774182853980643348,Sat Mar 30 21:12:09 +0000 2024,RafifFadhlurra4,@bobbyemha @PT_Transjakarta Silahkan naik Koridor 3 jurusan Monumen Nasional turun di Monumen Nasional lalu naik 5C jurusan PGC turun di Bidara Cina,0,0,in,@bobbyemha @PT_Transjakarta Silahkan naik Koridor 3 jurusan Monumen Nasional turun di Monumen Nasional lalu naik 5C jurusan PGC turun di Bidara Cina,pt_transjakarta Silahkan naik Koridor 3 jurusan Monumen Nasional turun di Monumen Nasional lalu naik 5C jurusan PGC turun di Bidara Cina
1774182051140567412,Sat Mar 30 21:08:58 +0000 2024,yeolumine,"Emg paling bener kl di krw tu mkn jan di resto yg terkenal/di dlm mall. Ud paling bener makan nasgor kambing emperan dpn bayukarta,sego pecel di tj.pura,sate kambing&amp;ayam di gempol&amp;sop janda juga sm ofc pecel lele podomoroğŸ‘ğŸ»",0,0,in,"Emg paling bener kl di krw tu mkn jan di resto yg terkenal/di dlm mall. Ud paling bener makan nasgor kambing emperan dpn bayukarta,sego pecel di tj.pura,sate kambing&amp;ayam di gempol&amp;sop janda juga sm ofc pecel lele podomoroğŸ‘ğŸ»","Emg paling bener kl di krw tu mkn jan di resto yg terkenal / di dlm mall . Ud paling bener makan nasgor kambing emperan dpn bayukarta , sego pecel di tj . pura , sate kambing & ayam di gempol & sop janda juga sm ofc pecel lele podomoro"
1774182014385799374,Sat Mar 30 21:08:49 +0000 2024,IndraTanjungg,"@mxkermdhn_ Wkwkwk,soalnya pernah tuh wota Depok keciduk disuruh nyanyi heavy Rotation sambil ngechant ğŸ˜‚",0,0,in,"@mxkermdhn_ Wkwkwk,soalnya pernah tuh wota Depok keciduk disuruh nyanyi heavy Rotation sambil ngechant ğŸ˜‚","Wkwkwk , soalnya pernah tuh wota Depok keciduk disuruh nyanyi heavy Rotation sambil ngechant"
1774181725717094439,Sat Mar 30 21:07:40 +0000 2024,rastafawa,@kdrama_menfess bisa-bisanya mimpi soocheol kuliah di UNJ naik busway wkwkwk,0,0,in,@kdrama_menfess bisa-bisanya mimpi soocheol kuliah di UNJ naik busway wkwkwk,bisa - bisanya mimpi soocheol kuliah di UNJ naik busway wkwkwk
1774181568954970332,Sat Mar 30 21:07:03 +0000 2024,IndraTanjungg,@romesfff @jesslynnn_ca Jangan lupa pm nya kak romes,0,0,in,@romesfff @jesslynnn_ca Jangan lupa pm nya kak romes,Jangan lupa pm nya kak romes
1774181468648226884,Sat Mar 30 21:06:39 +0000 2024,ychannny27,Hirap pilitin ni tj pota!,0,1,tl,Hirap pilitin ni tj pota!,Hirap pilitin ni tj pota !
1774181464009302466,Sat Mar 30 21:06:38 +0000 2024,RizkiPutriTJ,@infoXwor_ Bisa bisanya lu ngomong â€˜yaa Allahâ€™ mbaaa Setan aja minder liat kelakuan luuu ğŸ˜¡ Astaghfirullah ğŸ˜­ğŸ˜­ğŸ˜­ğŸ˜­,0,0,in,@infoXwor_ Bisa bisanya lu ngomong â€˜yaa Allahâ€™ mbaaa Setan aja minder liat kelakuan luuu ğŸ˜¡ Astaghfirullah ğŸ˜­ğŸ˜­ğŸ˜­ğŸ˜­,Bisa bisanya lu ngomong yaa Allah mbaaa Setan aja minder liat kelakuan luuu Astaghfirullah
1774181411463086575,Sat Mar 30 21:06:25 +0000 2024,IndraTanjungg,@mxkermdhn_ Rada seram ker ğŸ˜‚,0,0,in,@mxkermdhn_ Rada seram ker ğŸ˜‚,Rada seram ker
1774181263106281604,Sat Mar 30 21:05:50 +0000 2024,fdhlmuhammad_,Bandung kan deket Jakarta. Harusnya bisa dong adopsi dikit aja konsep transjakarta atau krl ğŸ¤£,0,0,in,Bandung kan deket Jakarta. Harusnya bisa dong adopsi dikit aja konsep transjakarta atau krl ğŸ¤£,Bandung kan deket Jakarta . Harusnya bisa dong adopsi dikit aja konsep transjakarta atau krl
1774181157346963529,Sat Mar 30 21:05:25 +0000 2024,d_blueside,Bekasi juga sama. Walau ada LRT dan TJ satu jalur tetep aja gojek kemana mana,0,0,in,Bekasi juga sama. Walau ada LRT dan TJ satu jalur tetep aja gojek kemana mana,Bekasi juga sama . Walau ada LRT dan TJ satu jalur tetep aja gojek kemana mana
1774179901136048224,Sat Mar 30 21:00:25 +0000 2024,Fajarswna,"Ciee selamat habede pin, stop bawa motor di jalur busway anjing, stop juga nerobos lampu merah!!!!",0,0,in,"Ciee selamat habede pin, stop bawa motor di jalur busway anjing, stop juga nerobos lampu merah!!!!","Ciee selamat habede pin , stop bawa motor di jalur busway anjing , stop juga nerobos lampu merah ! ! ! !"
1774179877828354511,Sat Mar 30 21:00:20 +0000 2024,Lihatorang,"@mhuseinali Sebagai orang bandung yang merantau ke jakarta juga uda jalan 3 taunan,  berasa kalo punya alternatif transportasi umum tu senagih itu ya.. Sebelum menetap pun uda sering bolak balik"" Jkt, dan ngerasain TJ era awal dan KRL era pra-Jonan. Bandung asa euweuh perkembangan pisan..",0,0,in,"@mhuseinali Sebagai orang bandung yang merantau ke jakarta juga uda jalan 3 taunan,  berasa kalo punya alternatif transportasi umum tu senagih itu ya.. Sebelum menetap pun uda sering bolak balik"" Jkt, dan ngerasain TJ era awal dan KRL era pra-Jonan. Bandung asa euweuh perkembangan pisan..","Sebagai orang bandung yang merantau ke jakarta juga uda jalan 3 taunan , berasa kalo punya alternatif transportasi umum tu senagih itu ya . . Sebelum menetap pun uda sering bolak balik "" Jkt , dan ngerasain TJ era awal dan KRL era pra - Jonan . Bandung asa euweuh perkembangan pisan . ."
1774179818055340428,Sat Mar 30 21:00:05 +0000 2024,IndraTanjungg,@Nachia_JKT48 Gasss la ngobrolin apa an yak,0,0,in,@Nachia_JKT48 Gasss la ngobrolin apa an yak,Gasss la ngobrolin apa an yak
1774179421672571320,Sat Mar 30 20:58:31 +0000 2024,TaygeeTJ,@swim_swim_fish Ban guns,0,0,en,@swim_swim_fish Ban guns,Ban guns
1774179384540508262,Sat Mar 30 20:58:22 +0000 2024,bobbyemha,"Min, @PT_Transjakarta dsri terminal kalidere ke bidara cina naik koridor apa? Terimakasih",0,0,in,"Min, @PT_Transjakarta dsri terminal kalidere ke bidara cina naik koridor apa? Terimakasih","Min , pt_transjakarta dsri terminal kalidere ke bidara cina naik koridor apa ? Terimakasih"
1774179335337042204,Sat Mar 30 20:58:10 +0000 2024,IndraTanjungg,"@ChandraaFelixx @renoolii26 Kok video sensitif koh ğŸ˜­ğŸ˜‚,video mengerikan ini",0,0,in,"@ChandraaFelixx @renoolii26 Kok video sensitif koh ğŸ˜­ğŸ˜‚,video mengerikan ini","Kok video sensitif koh , video mengerikan ini"
1774178587610067248,Sat Mar 30 20:55:12 +0000 2024,enoughempty_,"Bandung butuh mrt, sm busway ğŸ™ğŸ»",0,2,in,"Bandung butuh mrt, sm busway ğŸ™ğŸ»","Bandung butuh mrt , sm busway"
1774178586301473223,Sat Mar 30 20:55:12 +0000 2024,Banserepsarap79,@permaisuri_id @Muslim_AntiPKI9 Gw 1000 persen yakin bukan jokowi.,0,2,in,@permaisuri_id @Muslim_AntiPKI9 Gw 1000 persen yakin bukan jokowi.,Gw 1000 persen yakin bukan jokowi .
1774177705593815422,Sat Mar 30 20:51:42 +0000 2024,SemiCartamatic,TJâ€¦. Dang it.,0,0,in,TJâ€¦. Dang it.,TJ . Dang it .
1774177643648152026,Sat Mar 30 20:51:27 +0000 2024,TJMufuta,@wabalengele ğŸ˜‚ğŸ˜‚ğŸ˜‚ğŸ˜‚ğŸ˜‚ğŸ˜‚ wewe kuena mwena dishima to. Udi musambakaje buloba ne Mars,0,0,in,@wabalengele ğŸ˜‚ğŸ˜‚ğŸ˜‚ğŸ˜‚ğŸ˜‚ğŸ˜‚ wewe kuena mwena dishima to. Udi musambakaje buloba ne Mars,wewe kuena mwena dishima to . Udi musambakaje buloba ne Mars
1774177548219588949,Sat Mar 30 20:51:04 +0000 2024,Banserepsarap79,@OposisiCerdas Gilaa..jauh banget perbandingannya antara langit dan bumj,0,0,in,@OposisiCerdas Gilaa..jauh banget perbandingannya antara langit dan bumj,Gilaa . . jauh banget perbandingannya antara langit dan bumj
1774177098682249469,Sat Mar 30 20:49:17 +0000 2024,OlufeTj,@Pixiz_io e283nKunsHBrWix6YQqGTeNSt1992BnZraPmda85ocS,0,0,in,@Pixiz_io e283nKunsHBrWix6YQqGTeNSt1992BnZraPmda85ocS,e283nKunsHBrWix6YQqGTeNSt1992BnZraPmda85ocS
1774176492664090655,Sat Mar 30 20:46:53 +0000 2024,jtlilbrotherr,*pornhub intro*,0,1,in,*pornhub intro*,* pornhub intro *
1774175881402921454,Sat Mar 30 20:44:27 +0000 2024,Tonyjames787,@DeeSandy20 Nakayima ğŸ˜‚,0,0,in,@DeeSandy20 Nakayima ğŸ˜‚,Nakayima
1774175488615051298,Sat Mar 30 20:42:53 +0000 2024,SACHINTJ6,Finally one bowler vanthutanya.. Ana umran Malik mari aagama iruntha seri,0,0,in,Finally one bowler vanthutanya.. Ana umran Malik mari aagama iruntha seri,Finally one bowler vanthutanya . . Ana umran Malik mari aagama iruntha seri
1774175193285669191,Sat Mar 30 20:41:43 +0000 2024,mOondddyy,"td guee makan di penyetan aeon mall tj barat mba mba kasirnya judes bgt anjing najis mampus. buat lo mba yg td ngelayanin guee gd senyumnya samsek, gue makan disitu bayar woi ga minta saatt!!",0,0,in,"td guee makan di penyetan aeon mall tj barat mba mba kasirnya judes bgt anjing najis mampus. buat lo mba yg td ngelayanin guee gd senyumnya samsek, gue makan disitu bayar woi ga minta saatt!!","td guee makan di penyetan aeon mall tj barat mba mba kasirnya judes bgt anjing najis mampus . buat lo mba yg td ngelayanin guee gd senyumnya samsek , gue makan disitu bayar woi ga minta saatt ! !"
1774171762030149782,Sat Mar 30 20:28:05 +0000 2024,ImranCh18614097,Janab yh sb mily howay hai jo aj yha tj pochy hai,0,0,in,Janab yh sb mily howay hai jo aj yha tj pochy hai,Janab yh sb mily howay hai jo aj yha tj pochy hai
1774171005037973761,Sat Mar 30 20:25:04 +0000 2024,RVendettq,@RickSmol 17 Z  Wuiii danke Rick,0,0,in,@RickSmol 17 Z  Wuiii danke Rick,17 Z Wuiii danke Rick
1774169655533248727,Sat Mar 30 20:19:43 +0000 2024,PrestoHODL,@TJSNIPE @inkonbtc sup tj https://t.co/80szvbDDTK,0,7,in,@TJSNIPE @inkonbtc sup tj https://t.co/80szvbDDTK,sup tj
1774168056195105046,Sat Mar 30 20:13:21 +0000 2024,osakamaid,@PT_Transjakarta Makasiii min,0,0,in,@PT_Transjakarta Makasiii min,pt_transjakarta Makasiii min
1774164386753495231,Sat Mar 30 19:58:46 +0000 2024,twittozairois,@TJ_KMB Nazo yebiso ğŸ¤£ğŸ¤£,0,0,in,@TJ_KMB Nazo yebiso ğŸ¤£ğŸ¤£,Nazo yebiso
1774163276391477355,Sat Mar 30 19:54:22 +0000 2024,_gyeongja,"1. Nerobos jalur Busway 2. Ngetik di singkat-singkat 3. Makan nggak bersih 4. All u can eat, terus serakah, taunya nggak abis, sama kek makan di kondangan 5. Orang sok asik, ngajakin bercandaan vulgar",0,0,in,"1. Nerobos jalur Busway 2. Ngetik di singkat-singkat 3. Makan nggak bersih 4. All u can eat, terus serakah, taunya nggak abis, sama kek makan di kondangan 5. Orang sok asik, ngajakin bercandaan vulgar","1 . Nerobos jalur Busway 2 . Ngetik di singkat - singkat 3 . Makan nggak bersih 4 . All u can eat , terus serakah , taunya nggak abis , sama kek makan di kondangan 5 . Orang sok asik , ngajakin bercandaan vulgar"
1774162718267748812,Sat Mar 30 19:52:09 +0000 2024,taha_tj30,@Puch_K_Amb_Leny Astagfirullah!!,0,1,in,@Puch_K_Amb_Leny Astagfirullah!!,Astagfirullah ! !
1774161489433354435,Sat Mar 30 19:47:16 +0000 2024,RaiTj001,@NyaiNeneng BENTAR LAGI STROK MASUK RUMAH SAKIT...KOMA DECH,0,0,in,@NyaiNeneng BENTAR LAGI STROK MASUK RUMAH SAKIT...KOMA DECH,BENTAR LAGI STROK MASUK RUMAH SAKIT . . . KOMA DECH
1774161360404050132,Sat Mar 30 19:46:45 +0000 2024,RaiTj001,@NoviBudi78 @aniesbaswedan PAK ANIS MEMANG CERDAS DAN JUJUR....JOZZ,0,0,in,@NoviBudi78 @aniesbaswedan PAK ANIS MEMANG CERDAS DAN JUJUR....JOZZ,PAK ANIS MEMANG CERDAS DAN JUJUR . . . . JOZZ
1774161162340594130,Sat Mar 30 19:45:58 +0000 2024,RaiTj001,@icikiwir_08 @aniesbaswedan @ganjarpranowo @KPK_RI WKWKWKW GAK ADA TUCH PAK GANJAR BERSIH DARI URUSAN KPK ITU SICH SENGAJA REZIM BAJINGAN JOKOWI BIAR NAMA PAK GANJAR RUSAK....RAKYAT GAK PERCAYA SAMA REZIM BAJINGAN....JUSTRU SI JOKODOK INTERVENSI KPK PAK AGUS MANTAN KETUA KPK PERNAH BERBICARA TENTANG SI KODOK IJAZAH PALSU,0,0,in,@icikiwir_08 @aniesbaswedan @ganjarpranowo @KPK_RI WKWKWKW GAK ADA TUCH PAK GANJAR BERSIH DARI URUSAN KPK ITU SICH SENGAJA REZIM BAJINGAN JOKOWI BIAR NAMA PAK GANJAR RUSAK....RAKYAT GAK PERCAYA SAMA REZIM BAJINGAN....JUSTRU SI JOKODOK INTERVENSI KPK PAK AGUS MANTAN KETUA KPK PERNAH BERBICARA TENTANG SI KODOK IJAZAH PALSU,WKWKWKW GAK ADA TUCH PAK GANJAR BERSIH DARI URUSAN KPK ITU SICH SENGAJA REZIM BAJINGAN JOKOWI BIAR NAMA PAK GANJAR RUSAK . . . . RAKYAT GAK PERCAYA SAMA REZIM BAJINGAN . . . . JUSTRU SI JOKODOK INTERVENSI KPK PAK AGUS MANTAN KETUA KPK PERNAH BERBICARA TENTANG SI KODOK IJAZAH PALSU
1774160297215054079,Sat Mar 30 19:42:31 +0000 2024,RaiTj001,@RizkiAsihan PENGACATA HITAM....PARA PENJAHAT BERKUMPUL MEMBELA PENJAHAT...WKWKWKWK,0,0,in,@RizkiAsihan PENGACATA HITAM....PARA PENJAHAT BERKUMPUL MEMBELA PENJAHAT...WKWKWKWK,PENGACATA HITAM . . . . PARA PENJAHAT BERKUMPUL MEMBELA PENJAHAT . . . WKWKWKWK
1774160063542046867,Sat Mar 30 19:41:36 +0000 2024,Tony97tj,@Raul__Consuelo Pecar,0,1,en,@Raul__Consuelo Pecar,Pecar
1774159917299220580,Sat Mar 30 19:41:01 +0000 2024,RaiTj001,@tvOneNews SEMUA KARENA BANSOS....TAI SI OTO INI,0,0,in,@tvOneNews SEMUA KARENA BANSOS....TAI SI OTO INI,SEMUA KARENA BANSOS . . . . TAI SI OTO INI
1774159795358175355,Sat Mar 30 19:40:32 +0000 2024,RaiTj001,@gilang_ahm31272 KUMPULAN PENGACARA HITAM PENGACARA PENJAHAT BERKUMPUL BELA 02 PARA PENJILAT....PENJAHAT,0,0,in,@gilang_ahm31272 KUMPULAN PENGACARA HITAM PENGACARA PENJAHAT BERKUMPUL BELA 02 PARA PENJILAT....PENJAHAT,KUMPULAN PENGACARA HITAM PENGACARA PENJAHAT BERKUMPUL BELA 02 PARA PENJILAT . . . . PENJAHAT
1774159537722843483,Sat Mar 30 19:39:30 +0000 2024,TJMattf,TD Birmingham #UFL,0,0,in,TD Birmingham #UFL,TD Birmingham
1774159502818115982,Sat Mar 30 19:39:22 +0000 2024,RaiTj001,@DoankWarto YUSRIL CACAT HUKUM OMONGAN NYA GAK BISA DI PERCAYA....UUD 1945 MENYATAKAN BATAS USIA MINIMAL 40 TAHUN DAN MAKSIMAL 70 TAHUN  YUSRIL PENJILAT DAN PENJAHAT KUMPULAN PENGACARA PENJAHAT BERKAWAN DENGAN PENJAHAT REZIM BAJINGAN,0,0,in,@DoankWarto YUSRIL CACAT HUKUM OMONGAN NYA GAK BISA DI PERCAYA....UUD 1945 MENYATAKAN BATAS USIA MINIMAL 40 TAHUN DAN MAKSIMAL 70 TAHUN  YUSRIL PENJILAT DAN PENJAHAT KUMPULAN PENGACARA PENJAHAT BERKAWAN DENGAN PENJAHAT REZIM BAJINGAN,YUSRIL CACAT HUKUM OMONGAN NYA GAK BISA DI PERCAYA . . . . UUD 1945 MENYATAKAN BATAS USIA MINIMAL 40 TAHUN DAN MAKSIMAL 70 TAHUN YUSRIL PENJILAT DAN PENJAHAT KUMPULAN PENGACARA PENJAHAT BERKAWAN DENGAN PENJAHAT REZIM BAJINGAN
1774158890210562531,Sat Mar 30 19:36:56 +0000 2024,RaiTj001,@yaniarsim ASU...LAN KEREK,0,0,in,@yaniarsim ASU...LAN KEREK,ASU . . . LAN KEREK
1774158784191176788,Sat Mar 30 19:36:31 +0000 2024,RaiTj001,@Don_gindo GW SAMA SEKALI GAK PERCAYA...TAI OMONGAN NYA,0,0,in,@Don_gindo GW SAMA SEKALI GAK PERCAYA...TAI OMONGAN NYA,GW SAMA SEKALI GAK PERCAYA . . . TAI OMONGAN NYA
1774158625369620862,Sat Mar 30 19:35:53 +0000 2024,RaiTj001,@psi_id WANGI TAI....PSI PARTAI AMBURADUL,0,0,in,@psi_id WANGI TAI....PSI PARTAI AMBURADUL,WANGI TAI . . . . PSI PARTAI AMBURADUL
1774158233755844779,Sat Mar 30 19:34:19 +0000 2024,RaiTj001,@Maruahalsiahaa2 TRUS KALAU KETURUNAN YAMAN KENAPA....YAMAN LEBIH MULIA MEREKA MENYERANG ISRAEL HABIS2AN....MANTAP NAH LOE SI KODOK JOKOWI BISA APA....BISA NGUTANG...BISA NGABISIN UANG NEGARA BUAT KEPENTINGAN PRIBADI,0,0,in,@Maruahalsiahaa2 TRUS KALAU KETURUNAN YAMAN KENAPA....YAMAN LEBIH MULIA MEREKA MENYERANG ISRAEL HABIS2AN....MANTAP NAH LOE SI KODOK JOKOWI BISA APA....BISA NGUTANG...BISA NGABISIN UANG NEGARA BUAT KEPENTINGAN PRIBADI,TRUS KALAU KETURUNAN YAMAN KENAPA . . . . YAMAN LEBIH MULIA MEREKA MENYERANG ISRAEL HABIS2AN . . . . MANTAP NAH LOE SI KODOK JOKOWI BISA APA . . . . BISA NGUTANG . . . BISA NGABISIN UANG NEGARA BUAT KEPENTINGAN PRIBADI
1774157748407783696,Sat Mar 30 19:32:24 +0000 2024,RaiTj001,@xquitavee MEMANG NOL BANSOS UANG NEGARA DI PAKAI BUAT KAMPANYE....DISKUALIFIKASI 02,0,0,in,@xquitavee MEMANG NOL BANSOS UANG NEGARA DI PAKAI BUAT KAMPANYE....DISKUALIFIKASI 02,MEMANG NOL BANSOS UANG NEGARA DI PAKAI BUAT KAMPANYE . . . . DISKUALIFIKASI 02
1774157679943975132,Sat Mar 30 19:32:07 +0000 2024,TJDMCR,@LukieP00kie13 Orange Bowl pun?,0,24,in,@LukieP00kie13 Orange Bowl pun?,Orange Bowl pun ?
1774157516202725457,Sat Mar 30 19:31:28 +0000 2024,RaiTj001,@bengkeldodo @Royan_02 @yosephrosario_ @are_inismyname @MakeItAQuoteJP @geloraco @TerataiVe_02 @PartaiSocmed @Kimberley_PS08 @Ndons_Back @PrayudhaRangga ORANG TOLOL DAN DONGO KAYA GINI GW SICH OGAH,0,0,in,@bengkeldodo @Royan_02 @yosephrosario_ @are_inismyname @MakeItAQuoteJP @geloraco @TerataiVe_02 @PartaiSocmed @Kimberley_PS08 @Ndons_Back @PrayudhaRangga ORANG TOLOL DAN DONGO KAYA GINI GW SICH OGAH,ORANG TOLOL DAN DONGO KAYA GINI GW SICH OGAH
1774155106679947633,Sat Mar 30 19:21:54 +0000 2024,adelia_firdaus,suasana TJ di jam 12 malam. masih terpantau padet https://t.co/78ZOOnAUfh,0,0,in,suasana TJ di jam 12 malam. masih terpantau padet https://t.co/78ZOOnAUfh,suasana TJ di jam 12 malam . masih terpantau padet
1774154921853493447,Sat Mar 30 19:21:10 +0000 2024,tj_zannah,@Rasheethe Gaskia kam,0,0,lt,@Rasheethe Gaskia kam,Gaskia kam
1774153907675029739,Sat Mar 30 19:17:08 +0000 2024,TJMattf,TD Birmingham,0,0,in,TD Birmingham,TD Birmingham
1774153248779407737,Sat Mar 30 19:14:31 +0000 2024,IndomieLover_,"jujur dlu pas SMA pindah ke jogja, salah satu culture shock adalah trotoar ketutupan org jualan. waktu itu jalan ke halte TJ, ada angkringan di tengah trotoarnya. njuk aku bingung should i just go straight masuk ke angkringannya atau mlipir ke JALAN RAYA nyağŸ˜­",0,0,in,"jujur dlu pas SMA pindah ke jogja, salah satu culture shock adalah trotoar ketutupan org jualan. waktu itu jalan ke halte TJ, ada angkringan di tengah trotoarnya. njuk aku bingung should i just go straight masuk ke angkringannya atau mlipir ke JALAN RAYA nyağŸ˜­","jujur dlu pas SMA pindah ke jogja , salah satu culture shock adalah trotoar ketutupan org jualan . waktu itu jalan ke halte TJ , ada angkringan di tengah trotoarnya . njuk aku bingung should i just go straight masuk ke angkringannya atau mlipir ke JALAN RAYA nya"
1774151849416745426,Sat Mar 30 19:08:57 +0000 2024,ThisUneasiness,@dark_arts_fan Hell nah bro 1 cm??,0,2,in,@dark_arts_fan Hell nah bro 1 cm??,Hell nah bro 1 cm ? ?
1774150875243585867,Sat Mar 30 19:05:05 +0000 2024,Abdulgaffar_tj0,@umma_zeee @PendingUstaz Bece biri ya fita ba. Jaka yace gwanda ya siyeshi,0,1,in,@umma_zeee @PendingUstaz Bece biri ya fita ba. Jaka yace gwanda ya siyeshi,Bece biri ya fita ba . Jaka yace gwanda ya siyeshi
1774150558225772971,Sat Mar 30 19:03:49 +0000 2024,1lleg1irl,"Gila yah saking kenceng anginnya, ujannya sampe masuk ke dalem platform gituâ€¦ Tp bingung juga ga sih kl ketutup semua bakal pengap gak sih nanti platform-nya?? Baru kali ini liat mrt sampe begini, kl halte TJ kan dah biasa yah jd wahana..",1,1,in,"Gila yah saking kenceng anginnya, ujannya sampe masuk ke dalem platform gituâ€¦ Tp bingung juga ga sih kl ketutup semua bakal pengap gak sih nanti platform-nya?? Baru kali ini liat mrt sampe begini, kl halte TJ kan dah biasa yah jd wahana..","Gila yah saking kenceng anginnya , ujannya sampe masuk ke dalem platform gitu Tp bingung juga ga sih kl ketutup semua bakal pengap gak sih nanti platform - nya ? ? Baru kali ini liat mrt sampe begini , kl halte TJ kan dah biasa yah jd wahana . ."
1774149667611111709,Sat Mar 30 19:00:17 +0000 2024,OlufeTj,@Ordis_Solana e283nKunsHBrWix6YQqGTeNSt1992BnZraPmda85ocS,0,0,in,@Ordis_Solana e283nKunsHBrWix6YQqGTeNSt1992BnZraPmda85ocS,e283nKunsHBrWix6YQqGTeNSt1992BnZraPmda85ocS
1774147905416470860,Sat Mar 30 18:53:17 +0000 2024,imteamyeagerist,@another4_i @kiyki7 waduh aeon tj barat nih wkwkwk,0,0,in,@another4_i @kiyki7 waduh aeon tj barat nih wkwkwk,waduh aeon tj barat nih wkwkwk
1774147280658178390,Sat Mar 30 18:50:48 +0000 2024,DoniArmansyah20,bulan puasa naik busway pagi pagi pulang nya liatin gedung gedung tinggi PKL emng seseruuu dan sekangen ituuuuu kampret,0,0,in,bulan puasa naik busway pagi pagi pulang nya liatin gedung gedung tinggi PKL emng seseruuu dan sekangen ituuuuu kampret,bulan puasa naik busway pagi pagi pulang nya liatin gedung gedung tinggi PKL emng seseruuu dan sekangen ituuuuu kampret
1774146844295307317,Sat Mar 30 18:49:04 +0000 2024,Agiet88,@ARSIPAJA Makin lama makin gblok,0,0,in,@ARSIPAJA Makin lama makin gblok,Makin lama makin gblok
1774146343230955740,Sat Mar 30 18:47:04 +0000 2024,TJ_KMB,@yabamongo Maman pesa mukanda ğŸ˜‚ğŸ˜‚ğŸ˜‚,0,3,in,@yabamongo Maman pesa mukanda ğŸ˜‚ğŸ˜‚ğŸ˜‚,Maman pesa mukanda
1774144311153905788,Sat Mar 30 18:39:00 +0000 2024,tobizombz,omg tiktok.. https://t.co/drDz7COXbC,0,1,no,omg tiktok.. https://t.co/drDz7COXbC,omg tiktok . .
1774144055435231451,Sat Mar 30 18:37:59 +0000 2024,therealitttgirl,@tallwardy ?? tj what,0,0,in,@tallwardy ?? tj what,? ? tj what
1774143971951882705,Sat Mar 30 18:37:39 +0000 2024,TJMattf,Touchdown Birmingham,0,0,in,Touchdown Birmingham,Touchdown Birmingham
1774143143174349214,Sat Mar 30 18:34:21 +0000 2024,Kittendeng,"@PT_Transjakarta halo min, saran aja kalo ada halte yang lagi ga beroperasi please petugasnya tolong infoin penumpang dulu :( apalagi kalo halte transit yang lg tutup, udah beberapa kali monas &amp; bi tutup tapi ga ada info dulu jadinya dibawa jauh ke petojo ğŸ¥² thank you min",0,0,in,"@PT_Transjakarta halo min, saran aja kalo ada halte yang lagi ga beroperasi please petugasnya tolong infoin penumpang dulu :( apalagi kalo halte transit yang lg tutup, udah beberapa kali monas &amp; bi tutup tapi ga ada info dulu jadinya dibawa jauh ke petojo ğŸ¥² thank you min","pt_transjakarta halo min , saran aja kalo ada halte yang lagi ga beroperasi please petugasnya tolong infoin penumpang dulu : ( apalagi kalo halte transit yang lg tutup , udah beberapa kali monas & bi tutup tapi ga ada info dulu jadinya dibawa jauh ke petojo thank you min"
1774143038128030081,Sat Mar 30 18:33:56 +0000 2024,Ndons_Back,Jadi ingat Gudang Amunisi Cilandak Meledak Oktober 1984  Gudang Amunisi Meledak di Tj Priok maret 2014,5,10,in,Jadi ingat Gudang Amunisi Cilandak Meledak Oktober 1984  Gudang Amunisi Meledak di Tj Priok maret 2014,Jadi ingat Gudang Amunisi Cilandak Meledak Oktober 1984 Gudang Amunisi Meledak di Tj Priok maret 2014
1774142965218169072,Sat Mar 30 18:33:39 +0000 2024,TAB_TAB_HH,@PtiMuhammad Aisi mehman nawazi tu kahin na dekhi,0,0,in,@PtiMuhammad Aisi mehman nawazi tu kahin na dekhi,Aisi mehman nawazi tu kahin na dekhi
1774141449988383069,Sat Mar 30 18:27:38 +0000 2024,linjames956,@PT_Transjakarta Min tp kok di web Transjakarta 6h ga berhenti di halte pasar Senen?,0,0,in,@PT_Transjakarta Min tp kok di web Transjakarta 6h ga berhenti di halte pasar Senen?,pt_transjakarta Min tp kok di web Transjakarta 6h ga berhenti di halte pasar Senen ?
1774141157829661170,Sat Mar 30 18:26:28 +0000 2024,Gbolahanguitar2,@TJ_Insuranceman I don kuku BLOCK am.ğŸ™„,0,1,in,@TJ_Insuranceman I don kuku BLOCK am.ğŸ™„,I don kuku BLOCK am .
1774140640781381936,Sat Mar 30 18:24:25 +0000 2024,Tjiaddicted,@txtfrombrand Lihat ini koci @CoachJustinL dari dulu brand nya sudah banyak kasus ğŸ¤£,6,79,in,@txtfrombrand Lihat ini koci @CoachJustinL dari dulu brand nya sudah banyak kasus ğŸ¤£,Lihat ini koci dari dulu brand nya sudah banyak kasus
1774139467952976334,Sat Mar 30 18:19:45 +0000 2024,TJ_Maryam_,Wahala ooh ğŸ˜¹ğŸ˜¹ğŸ˜¹,0,0,tl,Wahala ooh ğŸ˜¹ğŸ˜¹ğŸ˜¹,Wahala ooh
1774138607667655000,Sat Mar 30 18:16:20 +0000 2024,TJFrazier006,@Tsixas @FlatEarthisdead @Chris_Taylor_0 @richiesmooth @thevivafrei @ProjectLincoln Hahhahhahahhahhahhahhahhahahhahahaahhahhahahhahhahahhahhahhahahhahahgagahaggagaghahahhahahahha,0,0,tl,@Tsixas @FlatEarthisdead @Chris_Taylor_0 @richiesmooth @thevivafrei @ProjectLincoln Hahhahhahahhahhahhahhahhahahhahahaahhahhahahhahhahahhahhahhahahhahahgagahaggagaghahahhahahahha,Hahhahhahahhahhahhahhahhahahhahahaahhahhahahhahhahahhahhahhahahhahahgagahaggagaghahahhahahahha
1774138265785733133,Sat Mar 30 18:14:59 +0000 2024,TAB_TAB_HH,@_FaridKhan Next Umran Malik,0,0,in,@_FaridKhan Next Umran Malik,Next Umran Malik
1774137107268669522,Sat Mar 30 18:10:22 +0000 2024,Robih14598120,@KhalifKairo How I like kairo ... Ukiona mtu akitoka hizi 5k amezoea kutoa pesa and pet day he can spend almost 50 k na asione kama ni kitu ğŸ˜‚.. yees nataka kufika hapa,0,3,in,@KhalifKairo How I like kairo ... Ukiona mtu akitoka hizi 5k amezoea kutoa pesa and pet day he can spend almost 50 k na asione kama ni kitu ğŸ˜‚.. yees nataka kufika hapa,How I like kairo . . . Ukiona mtu akitoka hizi 5k amezoea kutoa pesa and pet day he can spend almost 50 k na asione kama ni kitu . . yees nataka kufika hapa
1774137028478681158,Sat Mar 30 18:10:04 +0000 2024,Rehman0072,@HusnainAlvii Btaya tha tj,0,0,in,@HusnainAlvii Btaya tha tj,Btaya tha tj
1774134586261504009,Sat Mar 30 18:00:21 +0000 2024,linjames956,@PT_Transjakarta min cara ke MRT Lebak bulus grab dari Pulo Gadung naik apa? Sarannya full rute busway,0,0,in,@PT_Transjakarta min cara ke MRT Lebak bulus grab dari Pulo Gadung naik apa? Sarannya full rute busway,pt_transjakarta min cara ke MRT Lebak bulus grab dari Pulo Gadung naik apa ? Sarannya full rute busway
1774133467887948062,Sat Mar 30 17:55:55 +0000 2024,TuvaJr,Leo ni siku ya over 2.5 pale epl,0,3,in,Leo ni siku ya over 2.5 pale epl,Leo ni siku ya over 2 . 5 pale epl
1774133136122888410,Sat Mar 30 17:54:36 +0000 2024,Indomine__,@PT_Transjakarta rute dr gbk ke pluit village mall min,0,0,in,@PT_Transjakarta rute dr gbk ke pluit village mall min,pt_transjakarta rute dr gbk ke pluit village mall min
1774132550614806709,Sat Mar 30 17:52:16 +0000 2024,Peters1TJ,@bqaggie @Dreambu49405472 Hallelujah!! Ty! ğŸ‰ğŸŠ,0,2,in,@bqaggie @Dreambu49405472 Hallelujah!! Ty! ğŸ‰ğŸŠ,Hallelujah ! ! Ty !
1774131535652036922,Sat Mar 30 17:48:14 +0000 2024,junica_cerall,@sinsanfeb @aimr0d Sama kak aku kalungan kartu flazz biar gampang nge-tap transjakarta ğŸ˜­,0,0,in,@sinsanfeb @aimr0d Sama kak aku kalungan kartu flazz biar gampang nge-tap transjakarta ğŸ˜­,Sama kak aku kalungan kartu flazz biar gampang nge - tap transjakarta
1774130797941022936,Sat Mar 30 17:45:18 +0000 2024,gaejelas,"Mostly 24/7 telling him abt my chingus ""sm jule"" ""dnd ya soalnya lg sama kawid"" ""Mau liat keajaiban dunia g? Kawid lg ngobs sama jule"" ""Mas chalim aneeeehh bangetttt tp lucu"" ""HARI INI MAU DATE SM KAWID"" ""Sbb naik tj yh"" ""Br sampe cawang ini mw pulang"" ""Ke ragunan ajdeh"" https://t.co/99JgfoNbeO",0,3,in,"Mostly 24/7 telling him abt my chingus ""sm jule"" ""dnd ya soalnya lg sama kawid"" ""Mau liat keajaiban dunia g? Kawid lg ngobs sama jule"" ""Mas chalim aneeeehh bangetttt tp lucu"" ""HARI INI MAU DATE SM KAWID"" ""Sbb naik tj yh"" ""Br sampe cawang ini mw pulang"" ""Ke ragunan ajdeh"" https://t.co/99JgfoNbeO","Mostly 24 / 7 telling him abt my chingus "" sm jule "" "" dnd ya soalnya lg sama kawid "" "" Mau liat keajaiban dunia g ? Kawid lg ngobs sama jule "" "" Mas chalim aneeeehh bangetttt tp lucu "" "" HARI INI MAU DATE SM KAWID "" "" Sbb naik tj yh "" "" Br sampe cawang ini mw pulang "" "" Ke ragunan ajdeh """
1774126668141171062,Sat Mar 30 17:28:54 +0000 2024,sunnyel_s,"@aimr0d Lanyard aje dijadiin bahan julidan. Ga paham lagi ğŸ˜­ğŸ˜­ gue selalu kalungin lanyard krna ada kartu akses gedung (lift, toilet, ruangan) dan flazz card buat naik lrt n tj. Simpel tinggal tap tap tap ga perlu cari2 di tas lagi.",0,0,in,"@aimr0d Lanyard aje dijadiin bahan julidan. Ga paham lagi ğŸ˜­ğŸ˜­ gue selalu kalungin lanyard krna ada kartu akses gedung (lift, toilet, ruangan) dan flazz card buat naik lrt n tj. Simpel tinggal tap tap tap ga perlu cari2 di tas lagi.","Lanyard aje dijadiin bahan julidan . Ga paham lagi gue selalu kalungin lanyard krna ada kartu akses gedung ( lift , toilet , ruangan ) dan flazz card buat naik lrt n tj . Simpel tinggal tap tap tap ga perlu cari2 di tas lagi ."
1774126354352767055,Sat Mar 30 17:27:39 +0000 2024,zenaandee,@ngoepeamos48 @MoyaProf Edakwa umsoon,0,0,in,@ngoepeamos48 @MoyaProf Edakwa umsoon,Edakwa umsoon
1774126082394075518,Sat Mar 30 17:26:34 +0000 2024,tejasbhalerao,Sharam?,0,2,in,Sharam?,Sharam ?
1774125497091588451,Sat Mar 30 17:24:14 +0000 2024,PutriPu10199999,@PT_Transjakarta Kalo dari pulo gadung ke bulak kaoal bagaimana ya?,0,0,in,@PT_Transjakarta Kalo dari pulo gadung ke bulak kaoal bagaimana ya?,pt_transjakarta Kalo dari pulo gadung ke bulak kaoal bagaimana ya ?
1774125009096888680,Sat Mar 30 17:22:18 +0000 2024,athirahjoe,Adakah dia jawapan dari doa doa yang  aku kirimkan melalui sahabat?,0,0,in,Adakah dia jawapan dari doa doa yang  aku kirimkan melalui sahabat?,Adakah dia jawapan dari doa doa yang aku kirimkan melalui sahabat ?
1774124352692441550,Sat Mar 30 17:19:41 +0000 2024,gentrifybimbo,@rubyleave sering ngayal bgini kl lg naek bus low deck TJ,0,0,in,@rubyleave sering ngayal bgini kl lg naek bus low deck TJ,sering ngayal bgini kl lg naek bus low deck TJ
1774123925116489981,Sat Mar 30 17:18:00 +0000 2024,TJRadio2024,Outkast - Hey Yah https://t.co/C84gh7t1ES,0,0,in,Outkast - Hey Yah https://t.co/C84gh7t1ES,Outkast - Hey Yah
1774123467471835369,Sat Mar 30 17:16:10 +0000 2024,HereWeGoLers,@PutridLobster Minkah and TJ,0,1,in,@PutridLobster Minkah and TJ,Minkah and TJ
1774123359695143326,Sat Mar 30 17:15:45 +0000 2024,byeongisasi,aku happy hari ini plg naik tj lancar dibantu kk nas ğŸ¥¹ğŸ«°ğŸ» pdhl yg org jkt gw tapi dia yg lebih paham tj transit dll ğŸ—¿,0,0,in,aku happy hari ini plg naik tj lancar dibantu kk nas ğŸ¥¹ğŸ«°ğŸ» pdhl yg org jkt gw tapi dia yg lebih paham tj transit dll ğŸ—¿,aku happy hari ini plg naik tj lancar dibantu kk nas pdhl yg org jkt gw tapi dia yg lebih paham tj transit dll
1774122968484040924,Sat Mar 30 17:14:11 +0000 2024,khunthekid,@JoinEveryworld @hackernoon @TJ_Kawa @JoinEveryworld $EVERY Hi TJ!,0,0,in,@JoinEveryworld @hackernoon @TJ_Kawa @JoinEveryworld $EVERY Hi TJ!,$ EVERY Hi TJ !
1774122834886861231,Sat Mar 30 17:13:40 +0000 2024,N0TJ0KER,@elmuha27 Bah we logik ğŸ¤·ğŸ»â€â™‚ï¸ğŸ¤£,0,1,in,@elmuha27 Bah we logik ğŸ¤·ğŸ»â€â™‚ï¸ğŸ¤£,Bah we logik
1774122778909667401,Sat Mar 30 17:13:26 +0000 2024,TexelTim,@StijnvdValk Ik ook,0,1,nl,@StijnvdValk Ik ook,Ik ook
1774122325383733481,Sat Mar 30 17:11:38 +0000 2024,TJ_Omerta,@MellieeWorld Raising Kanan,0,0,in,@MellieeWorld Raising Kanan,Raising Kanan
1774122244060676444,Sat Mar 30 17:11:19 +0000 2024,chaoyuebot,@deodeobobie @juyeonismh @brillieshot sp mau diangkut tj jaktim,0,0,in,@deodeobobie @juyeonismh @brillieshot sp mau diangkut tj jaktim,sp mau diangkut tj jaktim
1774122173302505548,Sat Mar 30 17:11:02 +0000 2024,TAB_TAB_HH,@MauryaAyu123 @SushantNMehta Han wohi ğŸ˜‚,0,1,in,@MauryaAyu123 @SushantNMehta Han wohi ğŸ˜‚,Han wohi
1774122170832339190,Sat Mar 30 17:11:01 +0000 2024,in_lilaac,@efghiloveyou Udh malem masih di tj dar?,0,0,in,@efghiloveyou Udh malem masih di tj dar?,Udh malem masih di tj dar ?
1774121580702126244,Sat Mar 30 17:08:41 +0000 2024,kimisister,"@jjeongjaehyunj @tanyakanrl Nggaaa, itu pake kartu kl mau naik bis, kaya tj gituu, pas udah di antrian paling depan mb aku nanya ke petugasnya soalnya.. ini kita berdua emg ngide si kak ğŸ˜­ harusnya kan emg yg keluar kearah zam2 tower tuh ğŸ˜­",0,0,in,"@jjeongjaehyunj @tanyakanrl Nggaaa, itu pake kartu kl mau naik bis, kaya tj gituu, pas udah di antrian paling depan mb aku nanya ke petugasnya soalnya.. ini kita berdua emg ngide si kak ğŸ˜­ harusnya kan emg yg keluar kearah zam2 tower tuh ğŸ˜­","Nggaaa , itu pake kartu kl mau naik bis , kaya tj gituu , pas udah di antrian paling depan mb aku nanya ke petugasnya soalnya . . ini kita berdua emg ngide si kak harusnya kan emg yg keluar kearah zam2 tower tuh"
1774121227562684417,Sat Mar 30 17:07:16 +0000 2024,irarorowangi,Tapi emang lengkap banget sii. Luass bgt ujung ke ujung wkwk. Nanti pankapan mau balik lagi ah. Setelah ke Aeon Deltamas. Kayanya lebih suka ke situ daripada yg Tj Barat ğŸ™ğŸ¼,0,0,in,Tapi emang lengkap banget sii. Luass bgt ujung ke ujung wkwk. Nanti pankapan mau balik lagi ah. Setelah ke Aeon Deltamas. Kayanya lebih suka ke situ daripada yg Tj Barat ğŸ™ğŸ¼,Tapi emang lengkap banget sii . Luass bgt ujung ke ujung wkwk . Nanti pankapan mau balik lagi ah . Setelah ke Aeon Deltamas . Kayanya lebih suka ke situ daripada yg Tj Barat
1774120914407563331,Sat Mar 30 17:06:02 +0000 2024,PutriPu10199999,@PT_Transjakarta min mau tanya kalo dari pulogebang ke bulak kapan itu rutenya gimana ya?,0,0,in,@PT_Transjakarta min mau tanya kalo dari pulogebang ke bulak kapan itu rutenya gimana ya?,pt_transjakarta min mau tanya kalo dari pulogebang ke bulak kapan itu rutenya gimana ya ?
1774120856047734787,Sat Mar 30 17:05:48 +0000 2024,TAB_TAB_HH,@_FaridKhan Ye sab se oper waley pahar ki ticket kitney ki mil jati ha,0,0,in,@_FaridKhan Ye sab se oper waley pahar ki ticket kitney ki mil jati ha,Ye sab se oper waley pahar ki ticket kitney ki mil jati ha
1774119228066660725,Sat Mar 30 16:59:20 +0000 2024,efghiloveyou,kyk orgil di tj nontonin follow again wkwkwkwkwkwk nyanyi dalam hati + nahan teriak gaenak bgt fak,0,0,in,kyk orgil di tj nontonin follow again wkwkwkwkwkwk nyanyi dalam hati + nahan teriak gaenak bgt fak,kyk orgil di tj nontonin follow again wkwkwkwkwkwk nyanyi dalam hati + nahan teriak gaenak bgt fak
1774118101749227901,Sat Mar 30 16:54:51 +0000 2024,Cloudysmoody,hhhhh another day another disindir  orang yang lebih tua di Transjakarta,0,0,in,hhhhh another day another disindir  orang yang lebih tua di Transjakarta,hhhhh another day another disindir orang yang lebih tua di Transjakarta
1774117851894620648,Sat Mar 30 16:53:52 +0000 2024,chocomintjoha,alhamdulilah masih dapet bis terakhir TransjakartağŸ˜­,0,0,in,alhamdulilah masih dapet bis terakhir TransjakartağŸ˜­,alhamdulilah masih dapet bis terakhir Transjakarta
1774117554799481097,Sat Mar 30 16:52:41 +0000 2024,loeyparkbyun,"@PT_Transjakarta halo kak mau tanya, apakah TJ 4F hari minggu tanggal 31 maret 2024 beroperasi ?",0,0,in,"@PT_Transjakarta halo kak mau tanya, apakah TJ 4F hari minggu tanggal 31 maret 2024 beroperasi ?","pt_transjakarta halo kak mau tanya , apakah TJ 4F hari minggu tanggal 31 maret 2024 beroperasi ?"
1774116703678697738,Sat Mar 30 16:49:18 +0000 2024,dive_intheblue,Sampe telinga merah kalo saltingnya juga plek ketiplek jaehyunğŸ˜­,0,0,in,Sampe telinga merah kalo saltingnya juga plek ketiplek jaehyunğŸ˜­,Sampe telinga merah kalo saltingnya juga plek ketiplek jaehyun
1774116672829350187,Sat Mar 30 16:49:10 +0000 2024,Abdulgaffar_tj0,Harka ta lalace,0,0,in,Harka ta lalace,Harka ta lalace
1774116461830885433,Sat Mar 30 16:48:20 +0000 2024,xaxixaaaa,"mau balik naik lrt ternyata gak sampe jam 11. bukannya balik ke krl malah keluar turun ke halte tj. pas transit ternyata bis terakhir dah lewat. akhirnya ngojol juga sampe rumah, judulnya membolang malem-malem https://t.co/NGazLEsB3B",0,0,in,"mau balik naik lrt ternyata gak sampe jam 11. bukannya balik ke krl malah keluar turun ke halte tj. pas transit ternyata bis terakhir dah lewat. akhirnya ngojol juga sampe rumah, judulnya membolang malem-malem https://t.co/NGazLEsB3B","mau balik naik lrt ternyata gak sampe jam 11 . bukannya balik ke krl malah keluar turun ke halte tj . pas transit ternyata bis terakhir dah lewat . akhirnya ngojol juga sampe rumah , judulnya membolang malem - malem"
1774116288232853985,Sat Mar 30 16:47:39 +0000 2024,dive_intheblue,"@tanyarlfes Senderrr, kita dikasih venue ice bsd lagi juga tetep seneng kalo gbk ga bisaaa. Bukan egois soalnya ini kesepakatan promotor dan gbk. Kita mau diangkut kemanapun tetep hayu aja yang penting nontonğŸ˜­ğŸ˜­",0,0,in,"@tanyarlfes Senderrr, kita dikasih venue ice bsd lagi juga tetep seneng kalo gbk ga bisaaa. Bukan egois soalnya ini kesepakatan promotor dan gbk. Kita mau diangkut kemanapun tetep hayu aja yang penting nontonğŸ˜­ğŸ˜­","Senderrr , kita dikasih venue ice bsd lagi juga tetep seneng kalo gbk ga bisaaa . Bukan egois soalnya ini kesepakatan promotor dan gbk . Kita mau diangkut kemanapun tetep hayu aja yang penting nonton"
1774116242464362826,Sat Mar 30 16:47:28 +0000 2024,Abdulgaffar_tj0,@Alkasimribadu Sa abun sadakağŸ˜‚,0,0,in,@Alkasimribadu Sa abun sadakağŸ˜‚,Sa abun sadaka
1774116028265758937,Sat Mar 30 16:46:37 +0000 2024,sayingchess,@KokoJersey Bayar apa nii mksdnya,0,0,in,@KokoJersey Bayar apa nii mksdnya,Bayar apa nii mksdnya
1774115796588880270,Sat Mar 30 16:45:42 +0000 2024,TjMubix,Gengen ğŸ˜,0,0,nl,Gengen ğŸ˜,Gengen
1774115753144549658,Sat Mar 30 16:45:31 +0000 2024,tenderjuicy_boi,pasensya na,0,0,tl,pasensya na,pasensya na
1774115535355105286,Sat Mar 30 16:44:39 +0000 2024,TjMubix,@Iam_Musteey Kindly share Tijanimubarak1@gmail.com,0,0,in,@Iam_Musteey Kindly share Tijanimubarak1@gmail.com,Kindly share Tijanimubarak1 . com
1774115495048106232,Sat Mar 30 16:44:30 +0000 2024,tenderjuicy_boi,di sana ako umuwi hays,0,0,tl,di sana ako umuwi hays,di sana ako umuwi hays
1774115379893227755,Sat Mar 30 16:44:02 +0000 2024,Padiham_FC,86' Sub for Padiham  ON: Richmond  OFF: TJ  2-1,0,1,in,86' Sub for Padiham  ON: Richmond  OFF: TJ  2-1,86 ' Sub for Padiham ON : Richmond OFF : TJ 2 - 1
1774114864472244534,Sat Mar 30 16:41:59 +0000 2024,fiduuyyy,ğŸ˜‚ğŸ¤£ğŸ˜‚ğŸ¤£ğŸ˜‚ğŸ¤£  lagi orang2 ngapa sih betah amat pake lanyard kecuali buat naik krl/mrt/tj biar sat set,0,0,in,ğŸ˜‚ğŸ¤£ğŸ˜‚ğŸ¤£ğŸ˜‚ğŸ¤£  lagi orang2 ngapa sih betah amat pake lanyard kecuali buat naik krl/mrt/tj biar sat set,lagi orang2 ngapa sih betah amat pake lanyard kecuali buat naik krl / mrt / tj biar sat set
1774114840363336037,Sat Mar 30 16:41:54 +0000 2024,viranesyar,"Susah emang kalo cuma punya duit tapi gapunya otak.  Padahal doi mau ke kanan, tp kehalang krn busway boleh jalan setelah lampu ke kanan merah ğŸ¤£ Lebih cepet kalo doi sabar antri di jalur selain busway https://t.co/4dOyFQcTqz",0,1,in,"Susah emang kalo cuma punya duit tapi gapunya otak.  Padahal doi mau ke kanan, tp kehalang krn busway boleh jalan setelah lampu ke kanan merah ğŸ¤£ Lebih cepet kalo doi sabar antri di jalur selain busway https://t.co/4dOyFQcTqz","Susah emang kalo cuma punya duit tapi gapunya otak . Padahal doi mau ke kanan , tp kehalang krn busway boleh jalan setelah lampu ke kanan merah Lebih cepet kalo doi sabar antri di jalur selain busway"
1774114801733800168,Sat Mar 30 16:41:44 +0000 2024,kissthenleave,"@PT_Transjakarta min, boleh dibantu kah mau lapor kehilangan barang nih ğŸ™ğŸ»",0,0,in,"@PT_Transjakarta min, boleh dibantu kah mau lapor kehilangan barang nih ğŸ™ğŸ»","pt_transjakarta min , boleh dibantu kah mau lapor kehilangan barang nih"
1774114644556431487,Sat Mar 30 16:41:07 +0000 2024,zerosesw,@worksfess aku pake lanyard karena tap tj pake flazz dan itu biar gampang di taruh di lanyard wwk,0,0,in,@worksfess aku pake lanyard karena tap tj pake flazz dan itu biar gampang di taruh di lanyard wwk,aku pake lanyard karena tap tj pake flazz dan itu biar gampang di taruh di lanyard wwk
1774114419213234581,Sat Mar 30 16:40:13 +0000 2024,abigail021119,@Andrasiwa Kerennn bang,0,0,in,@Andrasiwa Kerennn bang,Kerennn bang
1774114397746872402,Sat Mar 30 16:40:08 +0000 2024,sukaAbin,[30/3 23.38] exha: Pengen nyayat lgi tau [30/3 23.38] : gblh [30/3 23.38] exha: Gw juga inget kata bangchan  Demi Allah gw kejer di tj https://t.co/mBJCyt0BTM,0,0,in,[30/3 23.38] exha: Pengen nyayat lgi tau [30/3 23.38] : gblh [30/3 23.38] exha: Gw juga inget kata bangchan  Demi Allah gw kejer di tj https://t.co/mBJCyt0BTM,[ 30 / 3 23 . 38 ] exha : Pengen nyayat lgi tau [ 30 / 3 23 . 38 ] : gblh [ 30 / 3 23 . 38 ] exha : Gw juga inget kata bangchan Demi Allah gw kejer di tj
1774113735021392088,Sat Mar 30 16:37:30 +0000 2024,TittySandwich21,@ProbablyLuce SPLAYOON,0,1,in,@ProbablyLuce SPLAYOON,SPLAYOON
1774113372931494292,Sat Mar 30 16:36:04 +0000 2024,destinyblues_,@lckmnrv Jgn2 kamu hafal rute tj lagi kak? Wkwk,0,0,in,@lckmnrv Jgn2 kamu hafal rute tj lagi kak? Wkwk,Jgn2 kamu hafal rute tj lagi kak ? Wkwk
1774112881371758848,Sat Mar 30 16:34:06 +0000 2024,Ezrarahman20,@Floodsuvor waalaikumsalam tj,0,0,in,@Floodsuvor waalaikumsalam tj,waalaikumsalam tj
1774112830490579061,Sat Mar 30 16:33:54 +0000 2024,blancndbleu,"j beneran kaget, â€œaku abis naik ojol sayangâ€¦ soalnya tj macet banget dan aku pengen cepet sampe rumah, aku pegangan ke mas2 ojolnya karena aku suruh dia ngebutâ€”â€  â€œkenapa gitu??? kenapa kamu bau orang lain???â€ m masih gak terima.",0,86,in,"j beneran kaget, â€œaku abis naik ojol sayangâ€¦ soalnya tj macet banget dan aku pengen cepet sampe rumah, aku pegangan ke mas2 ojolnya karena aku suruh dia ngebutâ€”â€  â€œkenapa gitu??? kenapa kamu bau orang lain???â€ m masih gak terima.","j beneran kaget , aku abis naik ojol sayang soalnya tj macet banget dan aku pengen cepet sampe rumah , aku pegangan ke mas2 ojolnya karena aku suruh dia ngebut kenapa gitu ? ? ? kenapa kamu bau orang lain ? ? ? m masih gak terima ."
1774112782180639016,Sat Mar 30 16:33:43 +0000 2024,namaku_adalahhh,"@kuwiracer rumah lo rawamangun kan? tj yg lewat situ 24 jam gils, jam segini juga ada",0,0,in,"@kuwiracer rumah lo rawamangun kan? tj yg lewat situ 24 jam gils, jam segini juga ada","rumah lo rawamangun kan ? tj yg lewat situ 24 jam gils , jam segini juga ada"
1774111775698588118,Sat Mar 30 16:29:43 +0000 2024,IndraTanjungg,Ihh lucu banget ğŸ¤ğŸ¤ğŸ˜,0,2,in,Ihh lucu banget ğŸ¤ğŸ¤ğŸ˜,Ihh lucu banget
1774110999068684759,Sat Mar 30 16:26:38 +0000 2024,youknow_noah,@kuwiracer tj yg brt bukannya 24jam?,0,0,in,@kuwiracer tj yg brt bukannya 24jam?,tj yg brt bukannya 24jam ?
1774110652271038886,Sat Mar 30 16:25:15 +0000 2024,initije,ğŸ˜ŒğŸ˜ŒğŸ˜Œ Mbak Shani Mbak Shani  https://t.co/xvB88M9Ms2,0,0,in,ğŸ˜ŒğŸ˜ŒğŸ˜Œ Mbak Shani Mbak Shani  https://t.co/xvB88M9Ms2,Mbak Shani Mbak Shani
1774110392178098448,Sat Mar 30 16:24:13 +0000 2024,blancndbleu,"nah, dulu tuh j berangkat kerja naik mobil, tapi sejak m hamil, doi milih buat naik motor supaya gak kena macet dan biar lebih cepet sampe rumah.   tapi karena lagi musim hujan, akhirnya j memutuskan buat naik transum aja. apesnya, hari itu tj lagi macet parah danâ€”",1,87,in,"nah, dulu tuh j berangkat kerja naik mobil, tapi sejak m hamil, doi milih buat naik motor supaya gak kena macet dan biar lebih cepet sampe rumah.   tapi karena lagi musim hujan, akhirnya j memutuskan buat naik transum aja. apesnya, hari itu tj lagi macet parah danâ€”","nah , dulu tuh j berangkat kerja naik mobil , tapi sejak m hamil , doi milih buat naik motor supaya gak kena macet dan biar lebih cepet sampe rumah . tapi karena lagi musim hujan , akhirnya j memutuskan buat naik transum aja . apesnya , hari itu tj lagi macet parah dan"
