Category,Product Name,Location,Price,Overall Rating,Number Sold,Total Review,Customer Rating,full_text,Sentiment,Emotion,original_tweet,cleaned_full_text
Computers and Laptops,Wireless Keyboard i8 Mini TouchPad Mouse 2.4G Handheld PC Android TV,Jakarta Utara,53500,4.9,5449,2369,5,Alhamdulillah berfungsi dengan baik. Packaging aman. Respon cepat dan ramah. Seller dan kurir amanah,Positive,Happy,Alhamdulillah berfungsi dengan baik. Packaging aman. Respon cepat dan ramah. Seller dan kurir amanah,Alhamdulillah berfungsi dengan baik . Packaging aman . Respon cepat dan ramah . Seller dan kurir amanah
Computers and Laptops,PAKET LISENSI WINDOWS 10 PRO DAN OFFICE 2019 ORIGINAL + BONUS,Kota Tangerang Selatan,72000,4.9,2359,1044,5,"barang bagus dan respon cepat, harga bersaing dengan yg lain.",Positive,Happy,"barang bagus dan respon cepat, harga bersaing dengan yg lain.","barang bagus dan respon cepat , harga bersaing dengan yg lain ."
Computers and Laptops,SSD Midasforce 128 Gb - Tanpa Caddy,Jakarta Barat,213000,5,12300,3573,5,"barang bagus, berfungsi dengan baik, seler ramah, pengiriman cepat",Positive,Happy,"barang bagus, berfungsi dengan baik, seler ramah, pengiriman cepat","barang bagus , berfungsi dengan baik , seler ramah , pengiriman cepat"
Computers and Laptops,ADAPTOR CHARGER MONITOR LCD LED TV LG merek LG 19V ORIGINAL,Jakarta Timur,55000,4.7,2030,672,5,bagus sesuai harapan penjual nya juga ramah. trimakasih pelapak ??,Positive,Happy,bagus sesuai harapan penjual nya juga ramah. trimakasih pelapak ??,bagus sesuai harapan penjual nya juga ramah . trimakasih pelapak ? ?
Computers and Laptops,ADAPTOR CHARGER MONITOR LCD LED TV LG merek LG 19V ORIGINAL,Jakarta Timur,55000,4.7,2030,672,5,"Barang Bagus, pengemasan Aman, dapat Berfungsi dengan Baik",Positive,Happy,"Barang Bagus, pengemasan Aman, dapat Berfungsi dengan Baik","Barang Bagus , pengemasan Aman , dapat Berfungsi dengan Baik"
Computers and Laptops,ADAPTOR CHARGER MONITOR LCD LED TV LG merek LG 19V ORIGINAL,Jakarta Timur,55000,4.7,2030,672,5,"barang bagus, seller ramah..",Positive,Happy,"barang bagus, seller ramah..","barang bagus , seller ramah . ."
Computers and Laptops,Kepala Colokan Listrik Charger Macbook untuk colokan Indonesia,Jakarta Selatan,85000,4.9,1339,718,5,mantap paten joss,Positive,Happy,mantap paten joss,mantap paten joss
Computers and Laptops,AFL Bidirectional HDMI Switcher 1-In 2-Out & 2-In 1-Out - AFU,Jakarta Barat,136500,5,1201,632,5,"Works fine. Respon seller cepat, barang berfungsi dengan baik. Recommended.",Positive,Happy,"Works fine. Respon seller cepat, barang berfungsi dengan baik. Recommended.","Works fine . Respon seller cepat , barang berfungsi dengan baik . Recommended ."
Computers and Laptops,AFL Bidirectional HDMI Switcher 1-In 2-Out & 2-In 1-Out - AFU,Jakarta Barat,136500,5,1201,632,5,barang bagus.. segel.. utuh.. original.. berfungsi dengan bener.. seller respon nya ajib.. cepat amir... uda gt kasi sarannya pas banget lg dengan kebutuhan.. mantabbb,Positive,Happy,barang bagus.. segel.. utuh.. original.. berfungsi dengan bener.. seller respon nya ajib.. cepat amir... uda gt kasi sarannya pas banget lg dengan kebutuhan.. mantabbb,barang bagus . . segel . . utuh . . original . . berfungsi dengan bener . . seller respon nya ajib . . cepat amir . . . uda gt kasi saran nya pas banget lg dengan kebutuhan . . mantabbb
Computers and Laptops,Adaptor Charger OriginaL Laptop Asus X441 X441U X441UV X441UA X441S,Jakarta Barat,113777,4.9,1630,777,5,Barang datang dan berfungsi dengan baik dan terlihat bagus kali ada lampu birunya.,Positive,Happy,Barang datang dan berfungsi dengan baik dan terlihat bagus kali ada lampu birunya.,Barang datang dan berfungsi dengan baik dan terlihat bagus kali ada lampu biru nya .
Computers and Laptops,Adaptor Charger OriginaL Laptop Asus X441 X441U X441UV X441UA X441S,Jakarta Barat,113777,4.9,1630,777,5,"Pengiriman super cepat, barang bagus, recommended seller, thanks",Positive,Happy,"Pengiriman super cepat, barang bagus, recommended seller, thanks","Pengiriman super cepat , barang bagus , recommended seller , thanks"
Computers and Laptops,Adaptor Charger Laptop Asus A455LA A455LD A455LB A455 A455L Original,Jakarta Utara,66000,4.8,2702,882,5,alhamdulillah barangnya udah nyampe... d coba bagus... semoga awet... terima kasih seller kurir dan tokopedia...,Positive,Happy,alhamdulillah barangnya udah nyampe... d coba bagus... semoga awet... terima kasih seller kurir dan tokopedia...,alhamdulillah barang nya udah nyampe . . . d coba bagus . . . semoga awet . . . terima kasih seller kurir dan tokopedia . . .
Computers and Laptops,Kabel Power Adaptor Charger Laptop 3 Lubang,Jakarta Pusat,25000,4.9,2122,828,5,"Penjual amanah, responsif. Kabel berfungsi baik. Pengiriman cepat. Terima kasih.",Positive,Happy,"Penjual amanah, responsif. Kabel berfungsi baik. Pengiriman cepat. Terima kasih.","Penjual amanah , responsif . Kabel berfungsi baik . Pengiriman cepat . Terima kasih ."
Computers and Laptops,Charger Adaptor Laptop Acer Aspire E14 E5-421 E5-431 E5-471 E5-475G,Jakarta Pusat,55000,4.9,2010,970,5,"Alhamdulillah barang sudah sampai, bisa dipakai semoga berfungsi dengan baik dan awet, kurirnya baik smoga rezekinya lancar terus",Positive,Happy,"Alhamdulillah barang sudah sampai, bisa dipakai semoga berfungsi dengan baik dan awet, kurirnya baik smoga rezekinya lancar terus","Alhamdulillah barang sudah sampai , bisa di pakai semoga berfungsi dengan baik dan awet , kurir nya baik smoga rezeki nya lancar terus"
Computers and Laptops,Cooling Pad Laptop Gaming 6 Fan Kipas Pendingin Laptop Kipas Cooler Q3,Kota Bandung,127880,4.9,1257,700,5,bagus. berjalan baik dan cukup silent. kokoh dan muat untuk laptop 16 inch,Positive,Happy,bagus. berjalan baik dan cukup silent. kokoh dan muat untuk laptop 16 inch,bagus . berjalan baik dan cukup silent . kokoh dan muat untuk laptop 16 inch
Computers and Laptops,Cooling Pad Laptop Gaming 6 Fan Kipas Pendingin Laptop Kipas Cooler Q3,Kota Bandung,127880,4.9,1257,700,5,"Packing aman, pengiriman cepat dan barang berfungsi dengan baik",Positive,Happy,"Packing aman, pengiriman cepat dan barang berfungsi dengan baik","Packing aman , pengiriman cepat dan barang berfungsi dengan baik"
Computers and Laptops,"kipas laptop cooling pad Ace cooling ergostand 15,6inch 1 fan",Jakarta Utara,80000,4.8,3982,1890,5,Produknya baik dan kualitasny good banget. produk sampai ke konsumen dalam kondisi baik. sesuai sih sama harga juga so overall very good lah ??,Positive,Happy,Produknya baik dan kualitasny good banget. produk sampai ke konsumen dalam kondisi baik. sesuai sih sama harga juga so overall very good lah ??,Produk nya baik dan kualitasny good banget . produk sampai ke konsumen dalam kondisi baik . sesuai sih sama harga juga so overall very good lah ? ?
Computers and Laptops,"kipas laptop cooling pad Ace cooling ergostand 15,6inch 1 fan",Jakarta Utara,80000,4.8,3982,1890,5,barang udah sampai ya gan dan berfungsi. terima kasih,Positive,Happy,barang udah sampai ya gan dan berfungsi. terima kasih,barang udah sampai ya gan dan berfungsi . terima kasih
Computers and Laptops,CoolCold Laptop Vacuum Vacum Cooler Cooling Pad Hisap Panas Notebook,Kota Depok,55000,4.8,13900,6671,5,barang mantap sesuai deskripsi laptop jadi adem n sejuk,Positive,Happy,barang mantap sesuai deskripsi laptop jadi adem n sejuk,barang mantap sesuai deskripsi laptop jadi adem n sejuk
Computers and Laptops,CoolCold Laptop Vacuum Vacum Cooler Cooling Pad Hisap Panas Notebook,Kota Depok,55000,4.8,13900,6671,5,"produk saya terima dengan kondisi baik, terima kasih ^^",Positive,Happy,"produk saya terima dengan kondisi baik, terima kasih ^^","produk saya terima dengan kondisi baik , terima kasih ^ ^"
Computers and Laptops,CoolCold Laptop Vacuum Vacum Cooler Cooling Pad Hisap Panas Notebook,Kota Depok,55000,4.8,13900,6671,5,"belanja kedua kalinya, selalu puas. pengiriman lumayan cepat. overall bagus banget",Positive,Happy,"belanja kedua kalinya, selalu puas. pengiriman lumayan cepat. overall bagus banget","belanja kedua kali nya , selalu puas . pengiriman lumayan cepat . overall bagus banget"
Computers and Laptops,CoolCold Laptop Vacuum Vacum Cooler Cooling Pad Hisap Panas Notebook,Kota Depok,55000,4.8,13900,6671,5,"Kualitas barang bagus, harga relatif murah, kiriman super cepat, response penjual baik, recommended seller, bintang 5, terima kasih yah, semoga SUKSES usaha-nya, aamiin ??????.",Positive,Happy,"Kualitas barang bagus, harga relatif murah, kiriman super cepat, response penjual baik, recommended seller, bintang 5, terima kasih yah, semoga SUKSES usaha-nya, aamiin ??????.","Kualitas barang bagus , harga relatif murah , kiriman super cepat , response penjual baik , recommended seller , bintang 5 , terima kasih yah , semoga SUKSES usaha - nya , aamiin ? ? ? ? ? ? ."
Computers and Laptops,Cooling Pad Gaming Ergostand Kipas Pendingin Laptop Big Fan Cooler Pad - KIPAS ERGOSTAND,Jakarta Barat,74900,4.7,3713,2153,5,mantab barang nya oke punya,Positive,Happy,mantab barang nya oke punya,mantab barang nya oke pu nya
Computers and Laptops,Cooler Master Notepal CMC3 Silent Fan Laptop Cooling Pad,Jakarta Barat,112000,4.9,5988,2969,5,"pengiriman cepat, packing rapi, kualitas mantap",Positive,Happy,"pengiriman cepat, packing rapi, kualitas mantap","pengiriman cepat , packing rapi , kualitas mantap"
Computers and Laptops,Cooler Master Notepal CMC3 Silent Fan Laptop Cooling Pad,Jakarta Barat,112000,4.9,5988,2969,5,silent dan bagus untuk pekerjaan ringan,Positive,Happy,silent dan bagus untuk pekerjaan ringan,silent dan bagus untuk pekerjaan ringan
Computers and Laptops,Cooler Master Notepal CMC3 Silent Fan Laptop Cooling Pad,Jakarta Barat,112000,4.9,5988,2969,5,Barang cepat sampai. Kualitas bagus dan pengiriman aman tidak ada yang pecah. Manstapu ??????,Positive,Happy,Barang cepat sampai. Kualitas bagus dan pengiriman aman tidak ada yang pecah. Manstapu ??????,Barang cepat sampai . Kualitas bagus dan pengiriman aman tidak ada yang pecah . Manstapu ? ? ? ? ? ?
Computers and Laptops,Cooler Master Notepal CMC3 Silent Fan Laptop Cooling Pad,Jakarta Barat,112000,4.9,5988,2969,5,"Bagus, berkualitas, sesuai gbr. Makasih Seller, Tokped dan Kurir",Positive,Happy,"Bagus, berkualitas, sesuai gbr. Makasih Seller, Tokped dan Kurir","Bagus , berkualitas , sesuai gbr . Makasih Seller , Tokped dan Kurir"
Computers and Laptops,"cooling pad laptop tahan 24 jam 6.000 Rpm angin TOPAN - Gambar no 1, Bening",Kota Surabaya,385000,5,2716,1843,5,"mantap kipasnya kenceng, barangnya berkualitas sesuai sama harga",Positive,Happy,"mantap kipasnya kenceng, barangnya berkualitas sesuai sama harga","mantap kipas nya kenceng , barang nya berkualitas sesuai sama harga"
Computers and Laptops,"cooling pad laptop tahan 24 jam 6.000 Rpm angin TOPAN - Gambar no 1, Bening",Kota Surabaya,385000,5,2716,1843,5,mantap proses pengerjaan dan pengiriman juga barang sesuai dengan deskripsi,Positive,Happy,mantap proses pengerjaan dan pengiriman juga barang sesuai dengan deskripsi,mantap proses pengerjaan dan pengiriman juga barang sesuai dengan deskripsi
Computers and Laptops,"cooling pad laptop tahan 24 jam 6.000 Rpm angin TOPAN - Gambar no 1, Bening",Kota Surabaya,385000,5,2716,1843,5,"mantap kipasnya kenceng, barangnya berkualitas sesuai sama harga",Positive,Happy,"mantap kipasnya kenceng, barangnya berkualitas sesuai sama harga","mantap kipas nya kenceng , barang nya berkualitas sesuai sama harga"
Computers and Laptops,"cooling pad laptop tahan 24 jam 6.000 Rpm angin TOPAN - Gambar no 1, Bening",Kota Surabaya,385000,5,2716,1843,5,Penjualnya Ramah Melayani Pembeli Dengan Sabar dan Memberikan Berbagai Saran Yang Pembeli Tidak Tahu ... Mantap Lah ??????,Positive,Happy,Penjualnya Ramah Melayani Pembeli Dengan Sabar dan Memberikan Berbagai Saran Yang Pembeli Tidak Tahu ... Mantap Lah ??????,Penjual nya Ramah Melayani Pembeli Dengan Sabar dan Memberikan Berbagai Saran Yang Pembeli Tidak Tahu . . . Mantap Lah ? ? ? ? ? ?
Computers and Laptops,"cooling pad laptop tahan 24 jam 6.000 Rpm angin TOPAN - Gambar no 1, Bening",Kota Surabaya,385000,5,2716,1843,5,"barang sampai dengan cepat, packingnya rapi dan amat sekali, tidak ada bagian acrylic yang pecah. berfungsi dengan baik. semoga awet.",Positive,Happy,"barang sampai dengan cepat, packingnya rapi dan amat sekali, tidak ada bagian acrylic yang pecah. berfungsi dengan baik. semoga awet.","barang sampai dengan cepat , packing nya rapi dan amat sekali , tidak ada bagian acrylic yang pecah . berfungsi dengan baik . semoga awet ."
Computers and Laptops,MacBook Skin Keyboard Protector TRANSPARANT BENING - A2141 A2289,Jakarta Utara,15000,4.9,690,338,5,Sangat presisi dan pas,Positive,Happy,Sangat presisi dan pas,Sangat presisi dan pas
Computers and Laptops,MacBook Skin Keyboard Protector TRANSPARANT BENING - A2141 A2289,Jakarta Utara,15000,4.9,690,338,5,"Puas banget, seller helpfull, sangat responsif dan cepet banget sampai nya, recomended...",Positive,Happy,"Puas banget, seller helpfull, sangat responsif dan cepet banget sampai nya, recomended...","Puas banget , seller helpfull , sangat responsif dan cepet banget sampai nya , recomended . . ."
Computers and Laptops,MacBook Skin Keyboard Protector TRANSPARANT BENING - A2141 A2289,Jakarta Utara,15000,4.9,690,338,5,"Mantappp, responnya juga memuaskan. sudah dicoba dan dipasang presisi dan nyaman. CAs Juga responsif",Positive,Happy,"Mantappp, responnya juga memuaskan. sudah dicoba dan dipasang presisi dan nyaman. CAs Juga responsif","Mantappp , respon nya juga memuaskan . sudah di coba dan di pasang presisi dan nyaman . CAs Juga responsif"
Computers and Laptops,"Logitech Bluetooth Keyboard K380 , K 380 , K-380 - Hitam",Jakarta Barat,365000,5,2554,1396,5,Mantap barangnya cepet sampai dan enak digunainnya!,Positive,Happy,Mantap barangnya cepet sampai dan enak digunainnya!,Mantap barang nya cepet sampai dan enak di gunain nya !
Computers and Laptops,"Logitech Bluetooth Keyboard K380 , K 380 , K-380 - Hitam",Jakarta Barat,365000,5,2554,1396,5,"Barang bagus,oke, cepat pengirimannya juga",Positive,Happy,"Barang bagus,oke, cepat pengirimannya juga","Barang bagus , oke , cepat pengiriman nya juga"
Computers and Laptops,"Logitech Bluetooth Keyboard K380 , K 380 , K-380 - Hitam",Jakarta Barat,365000,5,2554,1396,5,"Pengiriman cepat, seller responsif ??",Positive,Happy,"Pengiriman cepat, seller responsif ??","Pengiriman cepat , seller responsif ? ?"
Computers and Laptops,Wireless Keyboard i8 Mini TouchPad Mouse 2.4G Handheld PC Android TV,Jakarta Utara,53500,4.9,5449,2369,5,Barang berfungsi baik. Pemilik toko sangat responsif dan membantu saat ada sedikit kendala. Sukses tokonya ya gan ??????,Positive,Happy,Barang berfungsi baik. Pemilik toko sangat responsif dan membantu saat ada sedikit kendala. Sukses tokonya ya gan ??????,Barang berfungsi baik . Pemilik toko sangat responsif dan membantu saat ada sedikit kendala . Sukses toko nya ya gan ? ? ? ? ? ?
Computers and Laptops,Wireless Keyboard i8 Mini TouchPad Mouse 2.4G Handheld PC Android TV,Jakarta Utara,53500,4.9,5449,2369,5,"seller luar biasa.. packing baik, pengiriman cepat, penting nya barang sesuai deskripsi dan berfungsi. terima kasih..",Positive,Happy,"seller luar biasa.. packing baik, pengiriman cepat, penting nya barang sesuai deskripsi dan berfungsi. terima kasih..","seller luar biasa . . packing baik , pengiriman cepat , penting nya barang sesuai deskripsi dan berfungsi . terima kasih . ."
Computers and Laptops,[FS] Logitech MK275 Wireless Keyboard Mouse Combo,Jakarta Timur,200000,4.9,3186,1525,5,Bagus banget keyboardnya. Packing sangat aman karena double kardus. Warna juga keren.,Positive,Love,Bagus banget keyboardnya. Packing sangat aman karena double kardus. Warna juga keren.,Bagus banget keyboard nya . Packing sangat aman karena double kardus . Warna juga keren .
Computers and Laptops,Samoon Ace USB Cooling pad / Coolpad / Cooler / Kipas Pendingin Laptop,Kota Malang,46000,4.7,1311,500,5,"AAAA BAGUS BANGET PENGIRIMANNYA CEPATT DAN AMAN JUGA PACKAGING NYA, BISA NYALA JUGA TDI UDH DICOBA,, BELI DGN HARGA RP0 SENENGGGBANGETT",Positive,Love,"AAAA BAGUS BANGET PENGIRIMANNYA CEPATT DAN AMAN JUGA PACKAGING NYA, BISA NYALA JUGA TDI UDH DICOBA,, BELI DGN HARGA RP0 SENENGGGBANGETT","AAAA BAGUS BANGET PENGIRIMAN NYA CEPATT DAN AMAN JUGA PACKAGING NYA , BISA NYALA JUGA TDI UDH DICOBA , , BELI DGN HARGA RP 0 SENENGGGBANGETT"
Computers and Laptops,Charger Adaptor MacBook Pro 2008 2009 2010 2011 2012 Magsafe 1 60W ORI,Jakarta Pusat,230000,4.9,1408,721,5,"Terima Kasihh Boss, Mantappss.. Smoga Lancarr n Berkah Rezekinya..Smngttt Boss ??????",Positive,Love,"Terima Kasihh Boss, Mantappss.. Smoga Lancarr n Berkah Rezekinya..Smngttt Boss ??????","Terima Kasihh Boss , Mantappss . . Smoga Lancarr n Berkah Rezeki nya . . Smngttt Boss ? ? ? ? ? ?"
Computers and Laptops,"cooling pad laptop tahan 24 jam 6.000 Rpm angin TOPAN - Gambar no 1, Bening",Kota Surabaya,385000,5,2716,1843,5,barangnya buwaguusss.... sesuai pesanan.... angin nya kencang... seperti angin puting beliung.... laptop ademmmm benerrr,Positive,Love,barangnya buwaguusss.... sesuai pesanan.... angin nya kencang... seperti angin puting beliung.... laptop ademmmm benerrr,barang nya buwaguusss . . . . sesuai pesanan . . . . angin nya kencang . . . seperti angin puting beliung . . . . laptop ademmmm benerrr
Computers and Laptops,Xiaomi Xiaovv Webcam 1080P USB Camera Full HD with Mic Webcast Live,Jakarta Barat,188000,4.9,3451,1651,5,"mantap bgt, kualitas beneran sama kaya webcam sejutaan",Positive,Love,"mantap bgt, kualitas beneran sama kaya webcam sejutaan","mantap bgt , kualitas beneran sama kaya webcam sejutaan"
Computers and Laptops,Xiaomi Xiaovv Webcam 1080P USB Camera Full HD with Mic Webcast Live,Jakarta Barat,188000,4.9,3451,1651,5,"sampai dengan selamat, mulus dan berfungsi sempurna. Seller mau sabar dikonsultasikan dan mengemas dengan aman. Recommended",Positive,Love,"sampai dengan selamat, mulus dan berfungsi sempurna. Seller mau sabar dikonsultasikan dan mengemas dengan aman. Recommended","sampai dengan selamat , mulus dan berfungsi sempurna . Seller mau sabar di konsultasikan dan mengemas dengan aman . Recommended"
Computers and Laptops,Logitech G102 Lightsync Gaming Mouse [FS] - Hitam,Jakarta Pusat,379000,4.9,3185,1829,5,"Proses pesanan dan pengiriman barang cukup cepat, produk sesuai deskripsi, seller responsif, sukses dan tetap jaga protokol kesehatan ya seller! Terima kasih.",Positive,Love,"Proses pesanan dan pengiriman barang cukup cepat, produk sesuai deskripsi, seller responsif, sukses dan tetap jaga protokol kesehatan ya seller! Terima kasih.","Proses pesanan dan pengiriman barang cukup cepat , produk sesuai deskripsi , seller responsif , sukses dan tetap jaga protokol kesehatan ya seller ! Terima kasih ."
Computers and Laptops,SanDisk Ultra MicroSD 32GB A1 microSDHC UHS-I micro sd - No Adapter,Jakarta Pusat,75900,4.9,6754,3507,5,"Penjual ramah, barangnya bagus, sesuai dgn pesanan, packing rapi, padahal cmn pesan 1 ??????????....",Positive,Love,"Penjual ramah, barangnya bagus, sesuai dgn pesanan, packing rapi, padahal cmn pesan 1 ??????????....","Penjual ramah , barang nya bagus , sesuai dgn pesanan , packing rapi , padahal cmn pesan 1 ? ? ? ? ? ? ? ? ? ? . . . ."
Computers and Laptops,[BARU] RAM / MEMORY SAMSUNG PC DDR3 8GB,Jakarta Selatan,308000,4.9,3168,813,5,"Selamat Siang Bos, pesanan sudah saya terima. Belum di Pasang / di Coba. Packing sangat RAPI dan aman. Product MANTAP. Pokoknya TOP MARKOTOP. PELAYANAN sangat OKE. TOKO sangat RECOMENDED sekali. Makasih banyak atas semuanya. Salam Sukses, Sehat dan Sejahtera Selalu. Aamiin",Positive,Love,"Selamat Siang Bos, pesanan sudah saya terima. Belum di Pasang / di Coba. Packing sangat RAPI dan aman. Product MANTAP. Pokoknya TOP MARKOTOP. PELAYANAN sangat OKE. TOKO sangat RECOMENDED sekali. Makasih banyak atas semuanya. Salam Sukses, Sehat dan Sejahtera Selalu. Aamiin","Selamat Siang Bos , pesanan sudah saya terima . Belum di Pasang / di Coba . Packing sangat RAPI dan aman . Product MANTAP . Pokok nya TOP MARKOTOP . PELAYANAN sangat OKE . TOKO sangat RECOMENDED sekali . Makasih banyak atas semua nya . Salam Sukses , Sehat dan Sejahtera Selalu . Aamiin"
Computers and Laptops,[BARU] RAM / MEMORY SAMSUNG PC DDR3 8GB,Jakarta Selatan,308000,4.9,3168,813,5,Recommended Seller??????,Positive,Love,Recommended Seller??????,Recommended Seller ? ? ? ? ? ?
Computers and Laptops,Logitech M191 Mouse Wireless Full Size - Mid Grey,Jakarta Timur,119000,4.9,9777,5546,1,Sangat kecewa. Baru 4 bulan scroll sudah rusak.,Negative,Sadness,Sangat kecewa. Baru 4 bulan scroll sudah rusak.,Sangat kecewa . Baru 4 bulan scroll sudah rusak .
Computers and Laptops,Adaptor Charger OriginaL Laptop Asus X441 X441U X441UV X441UA X441S,Jakarta Barat,113777,4.9,1630,777,1,"jelek, yg pasti jauh dari ori. mousepad jd ga bs dipakai kl di charger, jd getar parah. barang ga sesui foto, kayak barang lapak sebelah yg harga 80rban. padahal sebelumnya pernah beli disini dan bagus,persis spt foto yg ada indikator di ujung charger. makanya order disini lg walaupun sedikit mahal ternyata barangnya tdk sama dgn order sebelumnya",Negative,Sadness,"jelek, yg pasti jauh dari ori. mousepad jd ga bs dipakai kl di charger, jd getar parah. barang ga sesui foto, kayak barang lapak sebelah yg harga 80rban. padahal sebelumnya pernah beli disini dan bagus,persis spt foto yg ada indikator di ujung charger. makanya order disini lg walaupun sedikit mahal ternyata barangnya tdk sama dgn order sebelumnya","jelek , yg pasti jauh dari ori . mousepad jd ga bs di pakai kl di charger , jd getar parah . barang ga sesui foto , kayak barang lapak sebelah yg harga 80 rban . padahal sebelum nya pernah beli di sini dan bagus , persis spt foto yg ada indikator di ujung charger . maka nya order di sini lg walaupun sedikit mahal ternyata barang nya tdk sama dgn order sebelum nya"
Computers and Laptops,Kabel Power Adaptor Charger Laptop 3 Lubang,Jakarta Pusat,25000,4.9,2122,828,1,gak bisa di pakai??,Negative,Sadness,gak bisa di pakai??,gak bisa di pakai ? ?
Computers and Laptops,Cooler Master Notepal CMC3 Silent Fan Laptop Cooling Pad,Jakarta Barat,112000,4.9,5988,2969,1,Kecewa parah nggk berkah jualan gitu,Negative,Sadness,Kecewa parah nggk berkah jualan gitu,Kecewa parah nggk berkah jualan gitu
Computers and Laptops,"CASE MACBOOK Clear Bening AIR PRO RETINA TOUCHBAR 11 12 13 15 INCH - AIR 13 A1466, LOGO HOLE",Kota Bandung,90000,4.9,5182,2423,1,kecewa penjual ga tanggung jawab komplen berhari� gada solusi,Negative,Sadness,kecewa penjual ga tanggung jawab komplen berhari� gada solusi,kecewa penjual ga tanggung jawab komplen berhari gada solusi
Computers and Laptops,"CASE MACBOOK Clear Bening AIR PRO RETINA TOUCHBAR 11 12 13 15 INCH - AIR 13 A1466, LOGO HOLE",Kota Bandung,90000,4.9,5182,2423,1,"pas beli nanya dulu tipe untuk macbook pro 13inch M1 yang mana di variasi nya, kata penjualnya yang �new pro 13�. pas dateng casing kekecilan karena salah tipe ternyata. dan penjual pake banyak alesan gamau tanggung jawab padahal yang salah ya yg ngejual. kecewa gamau lagi beli disini ga tanggung jawab.",Negative,Sadness,"pas beli nanya dulu tipe untuk macbook pro 13inch M1 yang mana di variasi nya, kata penjualnya yang �new pro 13�. pas dateng casing kekecilan karena salah tipe ternyata. dan penjual pake banyak alesan gamau tanggung jawab padahal yang salah ya yg ngejual. kecewa gamau lagi beli disini ga tanggung jawab.","pas beli na nya dulu tipe untuk macbook pro 13 inch M 1 yang mana di variasi nya , kata penjual nya yang new pro 13 . pas dateng casing kekecilan karena salah tipe ternyata . dan penjual pake banyak alesan gamau tanggung jawab padahal yang salah ya yg ngejual . kecewa gamau lagi beli di sini ga tanggung jawab ."
Computers and Laptops,CASE MACBOOK Case MATTE BLACK AIR PRO RETINA TOUCHBAR 11 12 13 15 INCH - NEW AIR A2337M1,Kota Bandung,99000,4.9,1848,952,1,Barang sampai terlalu lama padahal masih dalam kota. Casing mudah lepas. Jujur mengecewakan.,Negative,Sadness,Barang sampai terlalu lama padahal masih dalam kota. Casing mudah lepas. Jujur mengecewakan.,Barang sampai terlalu lama padahal masih dalam kota . Casing mudah lepas . Jujur mengecewakan .
Computers and Laptops,Screen Guard (Protector) Anti Gores MacBook - A2141,Jakarta Utara,50000,4.8,2967,1191,1,"kecewa belanja di tempat kamu, lain di pesan lain dikirim ??????",Negative,Sadness,"kecewa belanja di tempat kamu, lain di pesan lain dikirim ??????","kecewa belanja di tempat kamu , lain di pesan lain di kirim ? ? ? ? ? ?"
Computers and Laptops,Screen Guard (Protector) Anti Gores MacBook - A2141,Jakarta Utara,50000,4.8,2967,1191,1,"Tidak ada tissue pembersih, atau alat bantuan lainnya untuk memasang. sangat kecewa",Negative,Sadness,"Tidak ada tissue pembersih, atau alat bantuan lainnya untuk memasang. sangat kecewa","Tidak ada tissue pembersih , atau alat bantuan lain nya untuk memasang . sangat kecewa"
Computers and Laptops,SanDisk Extreme Pro SDXC UHS-I Card 64GB 170MB/s,Jakarta Pusat,279000,5,3111,1456,1,"salah beli barang, tp toko tidak ada kompromi sama sekali. Padahal barang masih disegel, kecewa dehhh..",Negative,Sadness,"salah beli barang, tp toko tidak ada kompromi sama sekali. Padahal barang masih disegel, kecewa dehhh..","salah beli barang , tp toko tidak ada kompromi sama sekali . Padahal barang masih di segel , kecewa dehhh . ."
Computers and Laptops,SanDisk Extreme SDHC UHS-I Card 32GB,Jakarta Pusat,119000,5,2215,1010,1,Data sering error dan hilang ??,Negative,Sadness,Data sering error dan hilang ??,Data sering error dan hilang ? ?
Computers and Laptops,Logitech MK275 Wireless Keyboard Mouse Combo,Jakarta Timur,200000,4.9,3225,1528,1,"kecewa sama toko official ini ga tau kenapa pesenan pertama ga dikonfirmasi sampe di batalin sistem karena ga direspon sama sekali. pesanan kedua karena disuruh pesan lagi sama tokonya dan cuma dikonfirmasi doang ga dikirim sampe udah tinggal 10 menit sebelum dibatalin sistem lagi tapi untungnya gara chat cs tokopedia akhirnya barang bakalan dikirim didetik terakhir. ga cuma sampe situ aja payahnya barang baru diambil kurir tanggal 5 dan pickup barang sama kurir lebih dari 2 hari, proses kirim pun lemot muter padahal udah lewat depan rumah baru tanggal 9 jam 9 malem paketnya sampe??",Negative,Sadness,"kecewa sama toko official ini ga tau kenapa pesenan pertama ga dikonfirmasi sampe di batalin sistem karena ga direspon sama sekali. pesanan kedua karena disuruh pesan lagi sama tokonya dan cuma dikonfirmasi doang ga dikirim sampe udah tinggal 10 menit sebelum dibatalin sistem lagi tapi untungnya gara chat cs tokopedia akhirnya barang bakalan dikirim didetik terakhir. ga cuma sampe situ aja payahnya barang baru diambil kurir tanggal 5 dan pickup barang sama kurir lebih dari 2 hari, proses kirim pun lemot muter padahal udah lewat depan rumah baru tanggal 9 jam 9 malem paketnya sampe??","kecewa sama toko official ini ga tau kenapa pesenan pertama ga di konfirmasi sampe di batalin sistem karena ga di respon sama sekali . pesanan kedua karena di suruh pesan lagi sama toko nya dan cuma di konfirmasi doang ga di kirim sampe udah tinggal 10 menit sebelum di batalin sistem lagi tapi untung nya gara chat cs tokopedia akhir nya barang bakalan di kirim di detik terakhir . ga cuma sampe situ aja payah nya barang baru di ambil kurir tanggal 5 dan pickup barang sama kurir lebih dari 2 hari , proses kirim pun lemot muter padahal udah lewat depan rumah baru tanggal 9 jam 9 malem paket nya sampe ? ?"
Computers and Laptops,Xiaomi Xiaovv Webcam 1080P USB Camera Full HD with Mic Webcast Live,Jakarta Barat,188000,4.9,3451,1651,1,"Packing seadanya, bubble hanya selapis saja ditambah lapisan plastik, hasilnya barang diterima dalam keadaan patah.",Negative,Sadness,"Packing seadanya, bubble hanya selapis saja ditambah lapisan plastik, hasilnya barang diterima dalam keadaan patah.","Packing seada nya , bubble ha nya selapis saja di tambah lapisan plastik , hasil nya barang di terima dalam keadaan patah ."
Computers and Laptops,Xiaomi Xiaovv Webcam 1080P USB Camera Full HD with Mic Webcast Live,Jakarta Barat,188000,4.9,3451,1651,1,Mic dari awal ga nyala,Negative,Sadness,Mic dari awal ga nyala,Mic dari awal ga nyala
Computers and Laptops,SanDisk Ultra MicroSD 32GB A1 microSDHC UHS-I micro sd - No Adapter,Jakarta Pusat,75900,4.9,6754,3507,1,"KARTU SD NYA CUMA 29,71 GB, KATANYA OFFICIAL, TAPI MALAH MKSOFFICIAL. KECEWA, INI TIDAK ORIGINAL.",Negative,Sadness,"KARTU SD NYA CUMA 29,71 GB, KATANYA OFFICIAL, TAPI MALAH MKSOFFICIAL. KECEWA, INI TIDAK ORIGINAL.","KARTU SD NYA CUMA 29 , 71 GB , KATA NYA OFFICIAL , TAPI MALAH MKSOFFICIAL . KECEWA , INI TIDAK ORIGINAL ."
Computers and Laptops,SSD 128GB RX7 GARANSI RESMI 3THN,Kota Tangerang,210000,5,15400,3486,1,Kecepatan tdk sesuai dgn deskripsi,Negative,Sadness,Kecepatan tdk sesuai dgn deskripsi,Kecepatan tdk sesuai dgn deskripsi
Computers and Laptops,Mouse Wireless Komic KM-803 - 1200DPI Nano USB Free Battery - Hijau,Jakarta Utara,90000,4.8,4563,1811,1,tidak berfugsi,Negative,Sadness,tidak berfugsi,tidak berfugsi
Computers and Laptops,Mouse Wireless Komic KM-803 - 1200DPI Nano USB Free Battery - Hijau,Jakarta Utara,90000,4.8,4563,1811,1,"Mouse kurang bagus , Pointer nya gerak gerak sendiri .",Negative,Sadness,"Mouse kurang bagus , Pointer nya gerak gerak sendiri .","Mouse kurang bagus , Pointer nya gerak gerak sendiri ."
Computers and Laptops,Mouse Wireless Komic KM-803 - 1200DPI Nano USB Free Battery - Hijau,Jakarta Utara,90000,4.8,4563,1811,1,infra red nya jelek suka mental ke mana2,Negative,Sadness,infra red nya jelek suka mental ke mana2,infra red nya jelek suka mental ke mana 2
Computers and Laptops,Mouse Wireless Komic KM-803 - 1200DPI Nano USB Free Battery - Hijau,Jakarta Utara,90000,4.8,4563,1811,1,Batre tidak sesuai ukuran dan tidak ada nano receiver.,Negative,Sadness,Batre tidak sesuai ukuran dan tidak ada nano receiver.,Batre tidak sesuai ukuran dan tidak ada nano receiver .
Computers and Laptops,Mouse Wireless Komic KM-803 - 1200DPI Nano USB Free Battery - Hijau,Jakarta Utara,90000,4.8,4563,1811,1,boros batre,Negative,Sadness,boros batre,boros batre
Computers and Laptops,HTB-3100 25km single fiber mode transceiver Optical Media Converter,Jakarta Utara,150000,4.9,5384,634,1,barang error 1,Negative,Sadness,barang error 1,barang error 1
Computers and Laptops,Telkomsel Orbit Star 2,Kota Tangerang,629000,4.8,5998,3441,1,"jaringanya ngelek banget lelet mending pake indihome de, nyesel juga beli orbit jaringan ya parah,",Negative,Sadness,"jaringanya ngelek banget lelet mending pake indihome de, nyesel juga beli orbit jaringan ya parah,","jaringa nya ngelek banget lelet mending pake indihome de , nyesel juga beli orbit jaringan ya parah ,"
Computers and Laptops,Telkomsel Orbit Star 2,Kota Tangerang,629000,4.8,5998,3441,1,tdk sesuai ekspektasi,Negative,Sadness,tdk sesuai ekspektasi,tdk sesuai ekspektasi
Computers and Laptops,Telkomsel Orbit Star 2,Kota Tangerang,629000,4.8,5998,3441,1,lambat,Negative,Sadness,lambat,lambat
Computers and Laptops,Telkomsel Orbit Star 2,Kota Tangerang,629000,4.8,5998,3441,1,Katanya dapat paket 150 GB ternyata setelah di regiatrasi cm 300 mB..,Negative,Sadness,Katanya dapat paket 150 GB ternyata setelah di regiatrasi cm 300 mB..,Kata nya dapat paket 150 GB ternyata setelah di regiatrasi cm 300 mB . .
Computers and Laptops,Telkomsel Orbit Star 2,Kota Tangerang,629000,4.8,5998,3441,1,"tidak bisa di register call center Dan team orbin tidak helpful, untuk sekedar minta info gerai orbin yang buka Dan no Telp suruh cari di google bukannya tidak mau Cari rata2 nomor telp tidak bisa di hubungin jadi apa salahnya memberikan info yang valid menyesal Saya beli orbit call center Dan team orbin tidak helpful, untuk sekedar minta info gerai orbin yang buka Dan no Telp suruh cari di google bukannya tidak mau Cari rata2 nomor telp tidak bisa di hubungin jadi apa salahnya memberikan info yang valid menyesal Saya beli orbit",Negative,Sadness,"tidak bisa di register call center Dan team orbin tidak helpful, untuk sekedar minta info gerai orbin yang buka Dan no Telp suruh cari di google bukannya tidak mau Cari rata2 nomor telp tidak bisa di hubungin jadi apa salahnya memberikan info yang valid menyesal Saya beli orbit call center Dan team orbin tidak helpful, untuk sekedar minta info gerai orbin yang buka Dan no Telp suruh cari di google bukannya tidak mau Cari rata2 nomor telp tidak bisa di hubungin jadi apa salahnya memberikan info yang valid menyesal Saya beli orbit","tidak bisa di register call center Dan team orbin tidak helpful , untuk sekedar minta info gerai orbin yang buka Dan no Telp suruh cari di google bukan nya tidak mau Cari rata 2 nomor telp tidak bisa di hubungin jadi apa salah nya memberikan info yang valid menyesal Saya beli orbit call center Dan team orbin tidak helpful , untuk sekedar minta info gerai orbin yang buka Dan no Telp suruh cari di google bukan nya tidak mau Cari rata 2 nomor telp tidak bisa di hubungin jadi apa salah nya memberikan info yang valid menyesal Saya beli orbit"
Computers and Laptops,Telkomsel Orbit Star 2,Kota Tangerang,629000,4.8,5998,3441,1,Tidak sesuai,Negative,Sadness,Tidak sesuai,Tidak sesuai
Computers and Laptops,SSD 256GB RX7 SATA,Kota Tangerang,370000,5,6449,2425,1,"janji bisa kirim instant segera karena kita mau pakai segera, nyatanya anda tutup toko baru di kirim. paket sampai malam. pas besoknya di coba ternyata SSD nya tidak terbaca. dan bilangnya kirim ke toko agarnbisa di kirim lagi segera yang baru. sama2 di Tangerang ongkos gojek instant 33rb berarti dekat. dan tidak di kirim2 sampaiiii 2 minggu baru di kirim. sangat terlihat sengaja sekali di lama2in. sangat tidak professional dalam berjualan online , anda jual barang rusak pun tidak ada etikat ucapan maaf. dan sebagai penutup yang saya anggap licik dan pelit sekali ongkir nya di suruh kita yang tanggung pas barang sampai. kalau di lihat begini mah lupakan garansi produk yg bakal di ganti baru bila terjadi rusak di kemudian hari...",Negative,Sadness,"janji bisa kirim instant segera karena kita mau pakai segera, nyatanya anda tutup toko baru di kirim. paket sampai malam. pas besoknya di coba ternyata SSD nya tidak terbaca. dan bilangnya kirim ke toko agarnbisa di kirim lagi segera yang baru. sama2 di Tangerang ongkos gojek instant 33rb berarti dekat. dan tidak di kirim2 sampaiiii 2 minggu baru di kirim. sangat terlihat sengaja sekali di lama2in. sangat tidak professional dalam berjualan online , anda jual barang rusak pun tidak ada etikat ucapan maaf. dan sebagai penutup yang saya anggap licik dan pelit sekali ongkir nya di suruh kita yang tanggung pas barang sampai. kalau di lihat begini mah lupakan garansi produk yg bakal di ganti baru bila terjadi rusak di kemudian hari...","janji bisa kirim instant segera karena kita mau pakai segera , nyata nya anda tutup toko baru di kirim . paket sampai malam . pas besok nya di coba ternyata SSD nya tidak terbaca . dan bilang nya kirim ke toko agarnbisa di kirim lagi segera yang baru . sama 2 di Tangerang ongkos gojek instant 33 rb berarti dekat . dan tidak di kirim 2 sampaiiii 2 minggu baru di kirim . sangat terlihat sengaja sekali di lama 2 in . sangat tidak professional dalam berjualan online , anda jual barang rusak pun tidak ada etikat ucapan maaf . dan sebagai penutup yang saya anggap licik dan pelit sekali ongkir nya di suruh kita yang tanggung pas barang sampai . kalau di lihat begini mah lupakan garansi produk yg bakal di ganti baru bila terjadi rusak di kemudian hari . . ."
Computers and Laptops,SSD 256GB RX7 SATA,Kota Tangerang,370000,5,6449,2425,1,"beli 2 SSD, 1 diterima dalam kondisi rusak",Negative,Sadness,"beli 2 SSD, 1 diterima dalam kondisi rusak","beli 2 SSD , 1 di terima dalam kondisi rusak"
Computers and Laptops,"Usb HUB Vention 4 Port Usb 3.0 2.0 High Speed Power Adapter OTG - CHL 3.0, 0.15m",Jakarta Barat,112000,4.9,14900,7957,1,"tidak berfungsi, tapi yaa sudahlah sudah ditambah daya pakai mikro usb cas hp tetap tidak bisa",Negative,Sadness,"tidak berfungsi, tapi yaa sudahlah sudah ditambah daya pakai mikro usb cas hp tetap tidak bisa","tidak berfungsi , tapi yaa sudahlah sudah di tambah daya pakai mikro usb cas hp tetap tidak bisa"
Computers and Laptops,"Usb HUB Vention 4 Port Usb 3.0 2.0 High Speed Power Adapter OTG - CHL 3.0, 0.15m",Jakarta Barat,112000,4.9,14900,7957,1,kurang bagus... colok hardisk external tdk terdeteksi..,Negative,Sadness,kurang bagus... colok hardisk external tdk terdeteksi..,kurang bagus . . . colok hardisk external tdk terdeteksi . .
Computers and Laptops,"Usb HUB Vention 4 Port Usb 3.0 2.0 High Speed Power Adapter OTG - CHL 3.0, 0.15m",Jakarta Barat,112000,4.9,14900,7957,1,"tidak berfungsi, tapi yaa sudahlah sudah ditambah daya pakai mikro usb cas hp tetap tidak bisa",Negative,Sadness,"tidak berfungsi, tapi yaa sudahlah sudah ditambah daya pakai mikro usb cas hp tetap tidak bisa","tidak berfungsi , tapi yaa sudahlah sudah di tambah daya pakai mikro usb cas hp tetap tidak bisa"
Computers and Laptops,Mini Keyboard Wireless i8 2.4G Handheld Keyboard For PC Android TV Box,Jakarta Utara,56000,4.8,18300,5431,1,"Produk kurang baik, dan rusak",Negative,Sadness,"Produk kurang baik, dan rusak","Produk kurang baik , dan rusak"
Computers and Laptops,"Logitech C920 Webcam PRO Full HD 1080p Autofocus, Noise-Cancelling",Jakarta Timur,1199000,4.9,10900,4760,1,"untuk kualitas ternyata sama dengan merk China lain 1080p juga yang harga nya 300rb an, bahkan lebih bagus merk lain di 600rb an. lalu untuk pengiriman lambat sekali dari official store, pesan tgl 27, sampai tgl 1, sehingga saya tdk sempat menggunakan pada zoom meeting dan harus memakai hp. cukup kecewa dengan produk dan pelayanan Logitech. kalau utk keyboard nya dan mouse nya emang cukup bagus bbrp model nya, tapi sy kapok beli disini karena barang akan hanya di proses bbrp jam sblm pembatalan walaupun pesan nya di hari biasa.",Negative,Sadness,"untuk kualitas ternyata sama dengan merk China lain 1080p juga yang harga nya 300rb an, bahkan lebih bagus merk lain di 600rb an. lalu untuk pengiriman lambat sekali dari official store, pesan tgl 27, sampai tgl 1, sehingga saya tdk sempat menggunakan pada zoom meeting dan harus memakai hp. cukup kecewa dengan produk dan pelayanan Logitech. kalau utk keyboard nya dan mouse nya emang cukup bagus bbrp model nya, tapi sy kapok beli disini karena barang akan hanya di proses bbrp jam sblm pembatalan walaupun pesan nya di hari biasa.","untuk kualitas ternyata sama dengan merk China lain 1080 p juga yang harga nya 300 rb an , bahkan lebih bagus merk lain di 600 rb an . lalu untuk pengiriman lambat sekali dari official store , pesan tgl 27 , sampai tgl 1 , sehingga saya tdk sempat menggunakan pada zoom meeting dan harus memakai hp . cukup kecewa dengan produk dan pelayanan Logitech . kalau utk keyboard nya dan mouse nya emang cukup bagus bbrp model nya , tapi sy kapok beli di sini karena barang akan ha nya di proses bbrp jam sblm pembatalan walaupun pesan nya di hari biasa ."
Computers and Laptops,"Logitech C920 Webcam PRO Full HD 1080p Autofocus, Noise-Cancelling",Jakarta Timur,1199000,4.9,10900,4760,1,"pengiriman 2 hari terlambat. padahal bilang bakal lgsg dikirim. habis order di chat lgsg ga respon. utk official store brand segede logitech, sungguh mengecewakan.",Negative,Sadness,"pengiriman 2 hari terlambat. padahal bilang bakal lgsg dikirim. habis order di chat lgsg ga respon. utk official store brand segede logitech, sungguh mengecewakan.","pengiriman 2 hari terlambat . padahal bilang bakal lgsg di kirim . habis order di chat lgsg ga respon . utk official store brand segede logitech , sungguh mengecewakan ."
Computers and Laptops,Rexus Q20 Mouse Wireless Office Silent Click - Hitam,Jakarta Barat,50000,4.9,1790,848,1,mousenya kurang responsif. jd harus teken agak kuat,Negative,Sadness,mousenya kurang responsif. jd harus teken agak kuat,mouse nya kurang responsif . jd harus teken agak kuat
Computers and Laptops,Rexus Q20 Mouse Wireless Office Silent Click - Hitam,Jakarta Barat,50000,4.9,1790,848,1,baru pake 2 bulan sensornya udah jelek suka kemana2,Negative,Sadness,baru pake 2 bulan sensornya udah jelek suka kemana2,baru pake 2 bulan sensor nya udah jelek suka kemana 2
Computers and Laptops,Logitech M191 Mouse Wireless Full Size - Mid Grey,Jakarta Timur,299000,4.9,9798,5559,1,Sangat kecewa. Baru 4 bulan scroll sudah rusak.,Negative,Sadness,Sangat kecewa. Baru 4 bulan scroll sudah rusak.,Sangat kecewa . Baru 4 bulan scroll sudah rusak .
Computers and Laptops,Logitech M191 Mouse Wireless Full Size - Mid Grey,Jakarta Timur,299000,4.9,9798,5559,1,"belom 1 bulan udah gak nyala, baterai udah diganti tetap saja gak nyala. kecewa, udah 2x di kerjain logitech",Negative,Sadness,"belom 1 bulan udah gak nyala, baterai udah diganti tetap saja gak nyala. kecewa, udah 2x di kerjain logitech","belom 1 bulan udah gak nyala , baterai udah di ganti tetap saja gak nyala . kecewa , udah 2 x di kerjain logitech"
Computers and Laptops,Charger Adaptor MacBook Pro 2008 2009 2010 2011 2012 Magsafe 1 60W ORI,Jakarta Pusat,230000,4.9,1408,721,1,"Sangat mengecewakan, barang yg dikirim tidak sesuai konfirmasi, sampai harus bolak-balik 2 kali, saya harus nanggung 6 X ongkos kirim....SANGAT MENGECEWAKAN",Negative,Anger,"Sangat mengecewakan, barang yg dikirim tidak sesuai konfirmasi, sampai harus bolak-balik 2 kali, saya harus nanggung 6 X ongkos kirim....SANGAT MENGECEWAKAN","Sangat mengecewakan , barang yg di kirim tidak sesuai konfirmasi , sampai harus bolak - balik 2 kali , saya harus nanggung 6 X ongkos kirim . . . . SANGAT MENGECEWAKAN"
Computers and Laptops,Adaptor Charger Laptop Asus A455LA A455LD A455LB A455 A455L Original,Jakarta Utara,66000,4.8,2702,882,1,"Kualitas chargeran jelek bangettt, baru tiga Hari pakai sudah rusakk",Negative,Anger,"Kualitas chargeran jelek bangettt, baru tiga Hari pakai sudah rusakk","Kualitas chargeran jelek bangettt , baru tiga Hari pakai sudah rusakk"
Computers and Laptops,Charger Adaptor Laptop Acer Aspire E14 E5-421 E5-431 E5-471 E5-475G,Jakarta Pusat,55000,4.9,2010,970,1,"Pelayanan toko jelek, proses barang lambat, di chat tidak menjawab, barang rata-rata",Negative,Anger,"Pelayanan toko jelek, proses barang lambat, di chat tidak menjawab, barang rata-rata","Pelayanan toko jelek , proses barang lambat , di chat tidak menjawab , barang rata - rata"
Computers and Laptops,CoolCold Laptop Vacuum Vacum Cooler Cooling Pad Hisap Panas Notebook,Kota Depok,55000,4.8,13900,6671,1,"Barang Rusak , Ga Guna Sama Sekali ... Parah",Negative,Anger,"Barang Rusak , Ga Guna Sama Sekali ... Parah","Barang Rusak , Ga Guna Sama Sekali . . . Parah"
Computers and Laptops,Logitech MK275 Wireless Keyboard Mouse Combo,Jakarta Timur,200000,4.9,3225,1528,3,"cepet rusak, kadang konek kadang engga",Negative,Anger,"cepet rusak, kadang konek kadang engga","cepet rusak , kadang konek kadang engga"
Computers and Laptops,Logitech G102 Lightsync Gaming Mouse [FS] - Hitam,Jakarta Pusat,379000,4.9,3185,1829,3,"barang gajelas lama sampai, kotak penyok�",Negative,Anger,"barang gajelas lama sampai, kotak penyok�","barang gajelas lama sampai , kotak penyok"
Computers and Laptops,SanDisk Ultra MicroSD 32GB A1 microSDHC UHS-I micro sd - No Adapter,Jakarta Pusat,75900,4.9,6754,3507,1,"SETELAH DICEK TIDAK UTUH 32GB. KOK BISA YA???!!.. KEMANA SISA 3GB NYA MAS/MBA???KRN LAGI BUTUH, YAUDAHLAH CUKUP TAU BELI DISINI. PERTAMA DAN TERAKHIR BELI DISINI.",Negative,Anger,"SETELAH DICEK TIDAK UTUH 32GB. KOK BISA YA???!!.. KEMANA SISA 3GB NYA MAS/MBA???KRN LAGI BUTUH, YAUDAHLAH CUKUP TAU BELI DISINI. PERTAMA DAN TERAKHIR BELI DISINI.","SETELAH DICEK TIDAK UTUH 32 GB . KOK BISA YA ? ? ? ! ! . . KEMANA SISA 3 GB NYA MAS / MBA ? ? ? KRN LAGI BUTUH , YAUDAHLAH CUKUP TAU BELI DISINI . PERTAMA DAN TERAKHIR BELI DISINI ."
Computers and Laptops,SanDisk Ultra MicroSD 32GB A1 microSDHC UHS-I micro sd - No Adapter,Jakarta Pusat,75900,4.9,6754,3507,1,Pesanan Saya TIDAK SAMPAI KE ALAMAT!!! SAYA MAU UANG SAYA KEMBALI!! SAYA BELUM MENERIMA PESANAN SAYA,Negative,Anger,Pesanan Saya TIDAK SAMPAI KE ALAMAT!!! SAYA MAU UANG SAYA KEMBALI!! SAYA BELUM MENERIMA PESANAN SAYA,Pesanan Saya TIDAK SAMPAI KE ALAMAT ! ! ! SAYA MAU UANG SAYA KEMBALI ! ! SAYA BELUM MENERIMA PESANAN SAYA
Computers and Laptops,Thermal Grizzly Kryonaut Thermal Paste 1 Gram cooler ORIGINAL - KEMASAN BARU,Jakarta Selatan,85000,4.9,7834,4099,1,beli kemasan baru di kirim kemasan lama ! BINTANG 1 KON%TL,Negative,Anger,beli kemasan baru di kirim kemasan lama ! BINTANG 1 KON%TL,beli kemasan baru di kirim kemasan lama ! BINTANG 1 KON % TL
Computers and Laptops,Thermal Grizzly Kryonaut Thermal Paste 1 Gram cooler ORIGINAL - KEMASAN BARU,Jakarta Selatan,85000,4.9,7834,4099,1,"ANJING TERNYATA PALSU INI BARANG BANGSAT2 AWAS KETIPU OI, YANG ASLI ADA SEGEL DISTRIBUTOR NYA",Negative,Anger,"ANJING TERNYATA PALSU INI BARANG BANGSAT2 AWAS KETIPU OI, YANG ASLI ADA SEGEL DISTRIBUTOR NYA","ANJING TERNYATA PALSU INI BARANG BANGSAT 2 AWAS KETIPU OI , YANG ASLI ADA SEGEL DISTRIBUTOR NYA"
